subj_id,latency,condition_str
SB2,244.0,ND
SB2,275.0,SD
SB2,315.0,AD
SB2,175.0,ND
SB2,305.0,SD
SB2,376.0,AD
SB2,261.0,ND
SB2,302.0,SD
SB2,395.0,AD
SB2,268.0,ND
SB2,270.0,SD
SB2,350.0,AD
SB2,317.0,ND
SB2,301.0,SD
SB2,254.0,AD
SB2,326.0,ND
SB2,385.0,SD
SB2,350.0,AD
SB2,271.0,ND
SB2,265.0,SD
SB2,371.0,AD
SB2,249.0,ND
SB2,289.0,SD
SB2,320.0,AD
SB2,255.0,ND
SB2,234.0,SD
SB2,395.0,AD
SB2,351.0,ND
SB2,345.0,SD
SB2,334.0,AD
SB2,297.0,ND
SB2,216.0,SD
SB2,285.0,AD
SB2,315.0,ND
SB2,290.0,SD
SB2,355.0,AD
SB2,286.0,ND
SB2,306.0,SD
SB2,346.0,AD
SB2,249.0,ND
SB2,354.0,SD
SB2,409.0,AD
SB2,316.0,ND
SB2,300.0,SD
SB2,340.0,AD
SB2,315.0,ND
SB2,310.0,SD
SB2,376.0,AD
SB2,306.0,ND
SB2,295.0,SD
SB2,271.0,AD
SB2,320.0,ND
SB2,336.0,SD
SB2,315.0,AD
SB2,255.0,ND
SB2,300.0,SD
SB2,396.0,AD
SB2,276.0,ND
SB2,409.0,SD
SB2,361.0,AD
SB2,286.0,ND
SB2,301.0,SD
SB2,516.0,AD
SB2,255.0,ND
SB2,311.0,SD
SB2,361.0,AD
SB2,280.0,ND
SB2,372.0,SD
SB2,320.0,AD
SB2,261.0,ND
SB2,341.0,SD
SB2,375.0,AD
SB2,264.0,ND
SB2,302.0,SD
SB2,376.0,AD
SB2,325.0,ND
SB2,270.0,SD
SB2,395.0,AD
SB2,175.0,ND
SB2,301.0,SD
SB2,350.0,AD
SB2,326.0,ND
SB2,234.0,SD
SB2,320.0,AD
SB2,255.0,ND
SB2,216.0,SD
SB2,334.0,AD
SB2,295.0,ND
SB2,351.0,SD
SB2,285.0,AD
SB2,297.0,ND
SB2,340.0,SD
SB2,355.0,AD
HY,304.0,ND
HY,361.0,SD
HY,340.0,AD
HY,305.0,ND
HY,470.0,SD
HY,310.0,AD
HY,315.0,ND
HY,399.0,SD
HY,351.0,AD
HY,279.0,ND
HY,195.0,SD
HY,380.0,AD
HY,345.0,ND
HY,306.0,SD
HY,280.0,AD
HY,355.0,ND
HY,465.0,SD
HY,325.0,AD
HY,261.0,ND
HY,352.0,SD
HY,255.0,AD
HY,400.0,ND
HY,359.0,SD
HY,370.0,AD
HY,310.0,ND
HY,324.0,SD
HY,280.0,AD
HY,340.0,ND
HY,497.0,SD
HY,501.0,AD
HY,299.0,ND
HY,361.0,SD
HY,355.0,AD
HY,371.0,ND
HY,415.0,SD
HY,370.0,AD
HY,381.0,ND
HY,355.0,SD
HY,315.0,AD
HY,386.0,ND
HY,390.0,SD
HY,435.0,AD
HY,375.0,ND
HY,354.0,SD
HY,535.0,AD
HY,385.0,ND
HY,335.0,SD
HY,399.0,AD
HY,395.0,ND
HY,395.0,SD
HY,720.0,AD
HY,359.0,ND
HY,436.0,SD
HY,419.0,AD
HY,300.0,ND
HY,301.0,SD
HY,669.0,AD
HY,390.0,ND
HY,264.0,SD
HY,419.0,AD
HY,350.0,ND
HY,335.0,SD
HY,340.0,AD
HY,366.0,ND
HY,351.0,SD
HY,391.0,AD
HY,280.0,ND
HY,414.0,SD
HY,334.0,AD
HY,304.0,ND
HY,329.0,SD
HY,365.0,AD
HY,305.0,ND
HY,254.0,SD
HY,615.0,AD
HY,319.0,ND
HY,310.0,SD
HY,425.0,AD
HY,364.0,ND
HY,480.0,SD
HY,370.0,AD
HY,280.0,ND
HY,420.0,SD
HY,351.0,AD
HY,305.0,ND
HY,399.0,SD
HY,325.0,AD
HY,315.0,ND
HY,195.0,SD
HY,255.0,AD
HY,345.0,ND
HY,465.0,SD
HY,280.0,AD
HY,261.0,ND
HY,359.0,SD
HY,501.0,AD
HY,380.0,ND
HY,497.0,SD
HY,575.0,AD
HY,340.0,ND
HY,361.0,SD
HY,380.0,AD
HY,299.0,ND
HY,379.0,SD
HY,370.0,AD
HY,366.0,ND
HY,381.0,SD
HY,315.0,AD
HY,339.0,ND
HY,330.0,SD
HY,435.0,AD
CD2,309.0,ND
CD2,374.0,SD
CD2,225.0,AD
CD2,266.0,ND
CD2,286.0,SD
CD2,371.0,AD
CD2,321.0,ND
CD2,370.0,SD
CD2,448.0,AD
CD2,259.0,ND
CD2,346.0,SD
CD2,394.0,AD
CD2,255.0,ND
CD2,290.0,SD
CD2,460.0,AD
CD2,296.0,ND
CD2,361.0,SD
CD2,386.0,AD
CD2,290.0,ND
CD2,321.0,SD
CD2,336.0,AD
CD2,390.0,ND
CD2,320.0,SD
CD2,426.0,AD
CD2,230.0,ND
CD2,444.0,SD
CD2,440.0,AD
CD2,285.0,ND
CD2,315.0,SD
CD2,400.0,AD
CD2,225.0,ND
CD2,296.0,SD
CD2,469.0,AD
CD2,339.0,ND
CD2,383.0,SD
CD2,320.0,AD
CD2,310.0,ND
CD2,286.0,SD
CD2,426.0,AD
CD2,300.0,ND
CD2,301.0,SD
CD2,465.0,AD
CD2,280.0,ND
CD2,245.0,SD
CD2,409.0,AD
CD2,311.0,ND
CD2,331.0,SD
CD2,339.0,AD
CD2,254.0,ND
CD2,406.0,SD
CD2,271.0,AD
CD2,287.0,ND
CD2,400.0,SD
CD2,221.0,AD
CD2,295.0,ND
CD2,347.0,SD
CD2,324.0,AD
CD2,264.0,ND
CD2,234.0,SD
CD2,386.0,AD
CD2,306.0,ND
CD2,406.0,SD
CD2,391.0,AD
CD2,260.0,ND
CD2,374.0,SD
CD2,102.0,AD
CD2,321.0,ND
CD2,415.0,SD
CD2,609.0,AD
CD2,226.0,ND
CD2,279.0,SD
CD2,440.0,AD
CD2,314.0,ND
CD2,375.0,SD
CD2,448.0,AD
CD2,405.0,ND
CD2,364.0,SD
CD2,394.0,AD
CD2,320.0,ND
CD2,375.0,SD
CD2,460.0,AD
CD2,371.0,ND
CD2,286.0,SD
CD2,440.0,AD
CD2,365.0,ND
CD2,290.0,SD
CD2,469.0,AD
CD2,275.0,ND
CD2,361.0,SD
CD2,450.0,AD
CD2,305.0,ND
CD2,320.0,SD
CD2,306.0,AD
CH,236.0,ND
CH,389.0,SD
CH,305.0,AD
CH,335.0,ND
CH,284.0,SD
CH,365.0,AD
CH,240.0,ND
CH,326.0,SD
CH,305.0,AD
CH,255.0,ND
CH,260.0,SD
CH,249.0,AD
CH,246.0,ND
CH,280.0,SD
CH,257.0,AD
CH,216.0,ND
CH,260.0,SD
CH,246.0,AD
CH,220.0,ND
CH,315.0,SD
CH,326.0,AD
CH,235.0,ND
CH,225.0,SD
CH,265.0,AD
CH,204.0,ND
CH,255.0,SD
CH,349.0,AD
CH,240.0,ND
CH,290.0,SD
CH,319.0,AD
CH,275.0,ND
CH,315.0,SD
CH,246.0,AD
CH,244.0,ND
CH,270.0,SD
CH,325.0,AD
CH,255.0,ND
CH,260.0,SD
CH,385.0,AD
CH,361.0,ND
CH,275.0,SD
CH,345.0,AD
CH,214.0,ND
CH,295.0,SD
CH,295.0,AD
CH,325.0,ND
CH,285.0,SD
CH,261.0,AD
CH,239.0,ND
CH,256.0,SD
CH,325.0,AD
CH,304.0,ND
CH,220.0,SD
CH,320.0,AD
CH,241.0,ND
CH,446.0,SD
CH,274.0,AD
CH,235.0,ND
CH,246.0,SD
CH,265.0,AD
CH,280.0,ND
CH,275.0,SD
CH,410.0,AD
CH,249.0,ND
CH,280.0,SD
CH,350.0,AD
CH,336.0,ND
CH,285.0,SD
CH,345.0,AD
CH,261.0,ND
CH,315.0,SD
CH,145.0,AD
CH,236.0,ND
CH,265.0,SD
CH,235.0,AD
CH,232.0,ND
CH,284.0,SD
CH,231.0,AD
CH,236.0,ND
CH,300.0,SD
CH,395.0,AD
CH,320.0,ND
CH,335.0,SD
CH,279.0,AD
CH,229.0,ND
CH,270.0,SD
CH,330.0,AD
CH,241.0,ND
CH,239.0,SD
CH,274.0,AD
CH,335.0,ND
CH,326.0,SD
CH,306.0,AD
CH,255.0,ND
CH,280.0,SD
CH,310.0,AD
CH,220.0,ND
CH,225.0,SD
CH,305.0,AD
CH,235.0,ND
CH,255.0,SD
CH,296.0,AD
CH,204.0,ND
CH,130.0,SD
CH,416.0,AD
CH,251.0,ND
CH,290.0,SD
CH,225.0,AD
CH,240.0,ND
CH,315.0,SD
CH,356.0,AD
CH,255.0,ND
CH,245.0,SD
CH,365.0,AD
CH,300.0,ND
CH,335.0,SD
CH,305.0,AD
CH,264.0,ND
CH,270.0,SD
CH,249.0,AD
CH,255.0,ND
CH,275.0,SD
CH,246.0,AD
CH,361.0,ND
CH,295.0,SD
CH,326.0,AD
CH,239.0,ND
CH,260.0,SD
CH,270.0,AD
JS,261.0,ND
JS,299.0,SD
JS,486.0,AD
JS,220.0,ND
JS,496.0,SD
JS,320.0,AD
JS,326.0,ND
JS,450.0,SD
JS,290.0,AD
JS,261.0,ND
JS,311.0,SD
JS,406.0,AD
JS,236.0,ND
JS,311.0,SD
JS,344.0,AD
JS,260.0,ND
JS,355.0,SD
JS,350.0,AD
JS,230.0,ND
JS,400.0,SD
JS,325.0,AD
JS,195.0,ND
JS,365.0,SD
JS,365.0,AD
JS,210.0,ND
JS,340.0,SD
JS,309.0,AD
JS,249.0,ND
JS,324.0,SD
JS,330.0,AD
JS,260.0,ND
JS,306.0,SD
JS,276.0,AD
JS,326.0,ND
JS,420.0,SD
JS,596.0,AD
JS,301.0,ND
JS,380.0,SD
JS,330.0,AD
JS,219.0,ND
JS,475.0,SD
JS,152.0,AD
JS,240.0,ND
JS,364.0,SD
JS,256.0,AD
JS,236.0,ND
JS,385.0,SD
JS,345.0,AD
JS,295.0,ND
JS,401.0,SD
JS,210.0,AD
JS,275.0,ND
JS,385.0,SD
JS,120.0,AD
JS,235.0,ND
JS,334.0,SD
JS,285.0,AD
JS,275.0,ND
JS,267.0,SD
JS,380.0,AD
JS,279.0,ND
JS,410.0,SD
JS,486.0,AD
JS,311.0,ND
JS,294.0,SD
JS,380.0,AD
JS,239.0,ND
JS,295.0,SD
JS,415.0,AD
JS,235.0,ND
JS,301.0,SD
JS,361.0,AD
JS,275.0,ND
JS,270.0,SD
JS,279.0,AD
JS,261.0,ND
JS,285.0,SD
JS,281.0,AD
JS,205.0,ND
JS,371.0,SD
JS,375.0,AD
JS,265.0,ND
JS,311.0,SD
JS,290.0,AD
JS,321.0,ND
JS,365.0,SD
JS,350.0,AD
JS,220.0,ND
JS,340.0,SD
JS,325.0,AD
JS,220.0,ND
JS,324.0,SD
JS,309.0,AD
JS,214.0,ND
JS,336.0,SD
JS,330.0,AD
JS,220.0,ND
JS,420.0,SD
JS,356.0,AD
JS,326.0,ND
JS,380.0,SD
JS,135.0,AD
JS,261.0,ND
JS,475.0,SD
JS,596.0,AD
LK_,291.0,ND
LK_,372.0,SD
LK_,310.0,AD
LK_,309.0,ND
LK_,391.0,SD
LK_,235.0,AD
LK_,276.0,ND
LK_,351.0,SD
LK_,345.0,AD
LK_,259.0,ND
LK_,345.0,SD
LK_,641.0,AD
LK_,280.0,ND
LK_,339.0,SD
LK_,366.0,AD
LK_,295.0,ND
LK_,325.0,SD
LK_,310.0,AD
LK_,331.0,ND
LK_,434.0,SD
LK_,375.0,AD
LK_,280.0,ND
LK_,256.0,SD
LK_,381.0,AD
LK_,274.0,ND
LK_,366.0,SD
LK_,465.0,AD
LK_,300.0,ND
LK_,406.0,SD
LK_,381.0,AD
LK_,325.0,ND
LK_,360.0,SD
LK_,385.0,AD
LK_,255.0,ND
LK_,380.0,SD
LK_,340.0,AD
LK_,306.0,ND
LK_,419.0,SD
LK_,480.0,AD
LK_,260.0,ND
LK_,319.0,SD
LK_,410.0,AD
LK_,260.0,ND
LK_,364.0,SD
LK_,560.0,AD
LK_,279.0,ND
LK_,320.0,SD
LK_,614.0,AD
LK_,320.0,ND
LK_,475.0,SD
LK_,255.0,AD
LK_,240.0,ND
LK_,354.0,SD
LK_,340.0,AD
LK_,139.0,ND
LK_,395.0,SD
LK_,384.0,AD
LK_,274.0,ND
LK_,345.0,SD
LK_,375.0,AD
LK_,279.0,ND
LK_,372.0,SD
LK_,444.0,AD
LK_,272.0,ND
LK_,320.0,SD
LK_,310.0,AD
LK_,245.0,ND
LK_,346.0,SD
LK_,355.0,AD
LK_,290.0,ND
LK_,349.0,SD
LK_,325.0,AD
LK_,285.0,ND
LK_,389.0,SD
LK_,366.0,AD
LK_,290.0,ND
LK_,406.0,SD
LK_,365.0,AD
LK_,279.0,ND
LK_,381.0,SD
LK_,300.0,AD
LK_,415.0,ND
LK_,351.0,SD
LK_,350.0,AD
LK_,259.0,ND
LK_,325.0,SD
LK_,345.0,AD
LK_,275.0,ND
LK_,434.0,SD
LK_,641.0,AD
LK_,305.0,ND
LK_,366.0,SD
LK_,310.0,AD
LK_,316.0,ND
LK_,406.0,SD
LK_,381.0,AD
LK_,309.0,ND
LK_,295.0,SD
LK_,381.0,AD
LK_,276.0,ND
LK_,320.0,SD
LK_,385.0,AD
LK_,259.0,ND
LK_,380.0,SD
LK_,279.0,AD
LK_,280.0,ND
LK_,419.0,SD
LK_,380.0,AD
LK_,295.0,ND
LK_,319.0,SD
LK_,351.0,AD
BG,260.0,ND
BG,294.0,SD
BG,216.0,AD
BG,299.0,ND
BG,249.0,SD
BG,290.0,AD
BG,225.0,ND
BG,325.0,SD
BG,279.0,AD
BG,300.0,ND
BG,321.0,SD
BG,231.0,AD
BG,241.0,ND
BG,345.0,SD
BG,323.0,AD
BG,395.0,ND
BG,334.0,SD
BG,305.0,AD
BG,241.0,ND
BG,281.0,SD
BG,360.0,AD
BG,279.0,ND
BG,275.0,SD
BG,614.0,AD
BG,256.0,ND
BG,479.0,SD
BG,370.0,AD
BG,256.0,ND
BG,326.0,SD
BG,264.0,AD
BG,311.0,ND
BG,300.0,SD
BG,321.0,AD
BG,219.0,ND
BG,280.0,SD
BG,505.0,AD
BG,145.0,ND
BG,260.0,SD
BG,250.0,AD
BG,270.0,ND
BG,335.0,SD
BG,349.0,AD
BG,151.0,ND
BG,321.0,SD
BG,290.0,AD
BG,245.0,ND
BG,266.0,SD
BG,436.0,AD
BG,264.0,ND
BG,265.0,SD
BG,316.0,AD
BG,260.0,ND
BG,290.0,SD
BG,255.0,AD
BG,371.0,ND
BG,290.0,SD
BG,380.0,AD
BG,460.0,ND
BG,375.0,SD
BG,306.0,AD
BG,305.0,ND
BG,350.0,SD
BG,290.0,AD
BG,136.0,ND
BG,345.0,SD
BG,315.0,AD
BG,286.0,ND
BG,285.0,SD
BG,274.0,AD
BG,346.0,ND
BG,221.0,SD
BG,281.0,AD
BG,299.0,ND
BG,335.0,SD
BG,314.0,AD
BG,225.0,ND
BG,276.0,SD
BG,311.0,AD
BG,300.0,ND
BG,250.0,SD
BG,135.0,AD
BG,279.0,ND
BG,294.0,SD
BG,280.0,AD
BG,256.0,ND
BG,410.0,SD
BG,445.0,AD
BG,311.0,ND
BG,305.0,SD
BG,321.0,AD
BG,275.0,ND
BG,245.0,SD
BG,342.0,AD
BG,219.0,ND
BG,316.0,SD
BG,370.0,AD
CD1,356.0,ND
CD1,310.0,SD
CD1,300.0,AD
CD1,409.0,ND
CD1,326.0,SD
CD1,325.0,AD
CD1,314.0,ND
CD1,305.0,SD
CD1,319.0,AD
CD1,325.0,ND
CD1,355.0,SD
CD1,376.0,AD
CD1,305.0,ND
CD1,376.0,SD
CD1,335.0,AD
CD1,485.0,ND
CD1,475.0,SD
CD1,292.0,AD
CD1,320.0,ND
CD1,360.0,SD
CD1,511.0,AD
CD1,276.0,ND
CD1,289.0,SD
CD1,394.0,AD
CD1,345.0,ND
CD1,280.0,SD
CD1,219.0,AD
CD1,374.0,ND
CD1,265.0,SD
CD1,300.0,AD
CD1,286.0,ND
CD1,336.0,SD
CD1,396.0,AD
CD1,310.0,ND
CD1,311.0,SD
CD1,410.0,AD
CD1,355.0,ND
CD1,231.0,SD
CD1,325.0,AD
CD1,325.0,ND
CD1,381.0,SD
CD1,310.0,AD
CD1,320.0,ND
CD1,345.0,SD
CD1,411.0,AD
CD1,449.0,ND
CD1,270.0,SD
CD1,591.0,AD
CD1,410.0,ND
CD1,285.0,SD
CD1,356.0,AD
CD1,390.0,ND
CD1,435.0,SD
CD1,366.0,AD
CD1,320.0,ND
CD1,355.0,SD
CD1,645.0,AD
CD1,516.0,ND
CD1,345.0,SD
CD1,375.0,AD
CD1,300.0,ND
CD1,436.0,SD
CD1,391.0,AD
CD1,145.0,ND
CD1,344.0,SD
CD1,379.0,AD
CD1,420.0,ND
CD1,305.0,SD
CD1,415.0,AD
CD1,271.0,ND
CD1,365.0,SD
CD1,335.0,AD
CD1,310.0,ND
CD1,310.0,SD
CD1,425.0,AD
CD1,295.0,ND
CD1,285.0,SD
CD1,289.0,AD
CD1,376.0,ND
CD1,350.0,SD
CD1,396.0,AD
CD1,299.0,ND
CD1,365.0,SD
CD1,336.0,AD
CD1,295.0,ND
CD1,305.0,SD
CD1,384.0,AD
CD1,290.0,ND
CD1,415.0,SD
CD1,300.0,AD
CD1,406.0,ND
CD1,326.0,SD
CD1,364.0,AD
CD1,351.0,ND
CD1,355.0,SD
CD1,390.0,AD
CD1,314.0,ND
CD1,360.0,SD
CD1,376.0,AD
CD1,325.0,ND
CD1,289.0,SD
CD1,335.0,AD
CD1,305.0,ND
CD1,280.0,SD
CD1,292.0,AD
CD1,485.0,ND
CD1,370.0,SD
CD1,511.0,AD
CD1,320.0,ND
CD1,265.0,SD
CD1,394.0,AD
CD1,345.0,ND
CD1,300.0,SD
CD1,324.0,AD
CD1,360.0,ND
CD1,325.0,SD
CD1,300.0,AD
CD1,374.0,ND
CD1,285.0,SD
CD1,396.0,AD
CD1,340.0,ND
CD1,231.0,SD
CD1,451.0,AD
CD1,290.0,ND
CD1,381.0,SD
CD1,511.0,AD
CD1,355.0,ND
CD1,285.0,SD
CD1,310.0,AD
CD1,325.0,ND
CD1,341.0,SD
CD1,411.0,AD
EB2,264.0,ND
EB2,356.0,SD
EB2,305.0,AD
EB2,241.0,ND
EB2,381.0,SD
EB2,359.0,AD
EB2,250.0,ND
EB2,390.0,SD
EB2,281.0,AD
EB2,337.0,ND
EB2,370.0,SD
EB2,321.0,AD
EB2,231.0,ND
EB2,470.0,SD
EB2,397.0,AD
EB2,261.0,ND
EB2,345.0,SD
EB2,430.0,AD
EB2,369.0,ND
EB2,515.0,SD
EB2,514.0,AD
EB2,264.0,ND
EB2,345.0,SD
EB2,300.0,AD
EB2,271.0,ND
EB2,316.0,SD
EB2,315.0,AD
EB2,353.0,ND
EB2,330.0,SD
EB2,310.0,AD
EB2,290.0,ND
EB2,305.0,SD
EB2,285.0,AD
EB2,286.0,ND
EB2,421.0,SD
EB2,285.0,AD
EB2,240.0,ND
EB2,390.0,SD
EB2,335.0,AD
EB2,154.0,ND
EB2,326.0,SD
EB2,391.0,AD
EB2,314.0,ND
EB2,430.0,SD
EB2,561.0,AD
EB2,325.0,ND
EB2,321.0,SD
EB2,390.0,AD
EB2,370.0,ND
EB2,320.0,SD
EB2,361.0,AD
EB2,286.0,ND
EB2,360.0,SD
EB2,334.0,AD
EB2,296.0,ND
EB2,375.0,SD
EB2,290.0,AD
EB2,255.0,ND
EB2,300.0,SD
EB2,289.0,AD
EB2,309.0,ND
EB2,325.0,SD
EB2,316.0,AD
EB2,401.0,ND
EB2,385.0,SD
EB2,305.0,AD
EB2,264.0,ND
EB2,411.0,SD
EB2,336.0,AD
EB2,337.0,ND
EB2,348.0,SD
EB2,375.0,AD
EB2,436.0,ND
EB2,381.0,SD
EB2,311.0,AD
EB2,285.0,ND
EB2,340.0,SD
EB2,305.0,AD
EB2,304.0,ND
EB2,320.0,SD
EB2,375.0,AD
EB2,279.0,ND
EB2,395.0,SD
EB2,390.0,AD
EB2,370.0,ND
EB2,365.0,SD
EB2,350.0,AD
EB2,354.0,ND
EB2,315.0,SD
EB2,355.0,AD
EB2,250.0,ND
EB2,390.0,SD
EB2,321.0,AD
EB2,231.0,ND
EB2,470.0,SD
EB2,281.0,AD
EB2,264.0,ND
EB2,345.0,SD
EB2,430.0,AD
EB2,271.0,ND
EB2,316.0,SD
EB2,514.0,AD
EB2,291.0,ND
EB2,360.0,SD
EB2,300.0,AD
EB2,353.0,ND
EB2,330.0,SD
EB2,315.0,AD
EB2,290.0,ND
EB2,305.0,SD
EB2,380.0,AD
EB2,424.0,ND
EB2,370.0,SD
EB2,285.0,AD
EB2,262.0,ND
EB2,310.0,SD
EB2,351.0,AD
EB2,286.0,ND
EB2,421.0,SD
EB2,256.0,AD
EB2,154.0,ND
EB2,326.0,SD
EB2,285.0,AD
EB2,314.0,ND
EB2,430.0,SD
EB2,335.0,AD
EB2,256.0,ND
EB2,335.0,SD
EB2,390.0,AD
JF,301.0,ND
JF,370.0,SD
JF,370.0,AD
JF,330.0,ND
JF,341.0,SD
JF,275.0,AD
JF,340.0,ND
JF,395.0,SD
JF,405.0,AD
JF,350.0,ND
JF,304.0,SD
JF,250.0,AD
JF,305.0,ND
JF,386.0,SD
JF,411.0,AD
JF,280.0,ND
JF,430.0,SD
JF,255.0,AD
JF,256.0,ND
JF,336.0,SD
JF,340.0,AD
JF,300.0,ND
JF,295.0,SD
JF,305.0,AD
JF,275.0,ND
JF,320.0,SD
JF,440.0,AD
JF,265.0,ND
JF,304.0,SD
JF,370.0,AD
JF,310.0,ND
JF,360.0,SD
JF,301.0,AD
JF,290.0,ND
JF,265.0,SD
JF,290.0,AD
JF,295.0,ND
JF,291.0,SD
JF,361.0,AD
JF,255.0,ND
JF,280.0,SD
JF,340.0,AD
JF,265.0,ND
JF,322.0,SD
JF,416.0,AD
JF,250.0,ND
JF,311.0,SD
JF,350.0,AD
JF,240.0,ND
JF,381.0,SD
JF,335.0,AD
JF,260.0,ND
JF,335.0,SD
JF,389.0,AD
JF,265.0,ND
JF,346.0,SD
JF,335.0,AD
JF,285.0,ND
JF,295.0,SD
JF,315.0,AD
JF,235.0,ND
JF,305.0,SD
JF,365.0,AD
JF,225.0,ND
JF,382.0,SD
JF,115.0,AD
JF,341.0,ND
JF,340.0,SD
JF,190.0,AD
JF,291.0,ND
JF,322.0,SD
JF,375.0,AD
JF,271.0,ND
JF,290.0,SD
JF,350.0,AD
JF,285.0,ND
JF,350.0,SD
JF,300.0,AD
JF,285.0,ND
JF,270.0,SD
JF,315.0,AD
JF,301.0,ND
JF,360.0,SD
JF,370.0,AD
JF,255.0,ND
JF,395.0,SD
JF,369.0,AD
JF,250.0,ND
JF,304.0,SD
JF,290.0,AD
JF,271.0,ND
JF,430.0,SD
JF,280.0,AD
JF,250.0,ND
JF,295.0,SD
JF,305.0,AD
JF,325.0,ND
JF,304.0,SD
JF,455.0,AD
JF,330.0,ND
JF,360.0,SD
JF,275.0,AD
JF,340.0,ND
JF,270.0,SD
JF,405.0,AD
JF,350.0,ND
JF,311.0,SD
JF,250.0,AD
JF,305.0,ND
JF,269.0,SD
JF,411.0,AD
JF,256.0,ND
JF,291.0,SD
JF,340.0,AD
JF,300.0,ND
JF,280.0,SD
JF,305.0,AD
JF,275.0,ND
JF,322.0,SD
JF,440.0,AD
EW1_,280.0,ND
EW1_,270.0,SD
EW1_,376.0,AD
EW1_,290.0,ND
EW1_,311.0,SD
EW1_,354.0,AD
EW1_,240.0,ND
EW1_,319.0,SD
EW1_,229.0,AD
EW1_,255.0,ND
EW1_,369.0,SD
EW1_,314.0,AD
EW1_,280.0,ND
EW1_,345.0,SD
EW1_,305.0,AD
EW1_,285.0,ND
EW1_,311.0,SD
EW1_,306.0,AD
EW1_,336.0,ND
EW1_,319.0,SD
EW1_,289.0,AD
EW1_,271.0,ND
EW1_,365.0,SD
EW1_,275.0,AD
EW1_,290.0,ND
EW1_,336.0,SD
EW1_,310.0,AD
EW1_,310.0,ND
EW1_,310.0,SD
EW1_,300.0,AD
EW1_,325.0,ND
EW1_,310.0,SD
EW1_,340.0,AD
EW1_,171.0,ND
EW1_,354.0,SD
EW1_,391.0,AD
EW1_,296.0,ND
EW1_,361.0,SD
EW1_,350.0,AD
EW1_,294.0,ND
EW1_,350.0,SD
EW1_,325.0,AD
EW1_,320.0,ND
EW1_,384.0,SD
EW1_,310.0,AD
EW1_,270.0,ND
EW1_,320.0,SD
EW1_,292.0,AD
EW1_,454.0,ND
EW1_,334.0,SD
EW1_,266.0,AD
EW1_,296.0,ND
EW1_,485.0,SD
EW1_,341.0,AD
EW1_,270.0,ND
EW1_,365.0,SD
EW1_,256.0,AD
EW1_,345.0,ND
EW1_,319.0,SD
EW1_,165.0,AD
EW1_,331.0,ND
EW1_,286.0,SD
EW1_,340.0,AD
EW1_,325.0,ND
EW1_,304.0,SD
EW1_,357.0,AD
EW1_,305.0,ND
EW1_,280.0,SD
EW1_,346.0,AD
EW1_,301.0,ND
EW1_,270.0,SD
EW1_,305.0,AD
EW1_,365.0,ND
EW1_,399.0,SD
EW1_,395.0,AD
EW1_,370.0,ND
EW1_,315.0,SD
EW1_,375.0,AD
EW1_,280.0,ND
EW1_,309.0,SD
EW1_,435.0,AD
EW1_,280.0,ND
EW1_,351.0,SD
EW1_,335.0,AD
EW1_,351.0,ND
EW1_,311.0,SD
EW1_,290.0,AD
EW1_,291.0,ND
EW1_,319.0,SD
EW1_,346.0,AD
EW1_,310.0,ND
EW1_,345.0,SD
EW1_,229.0,AD
EW1_,290.0,ND
EW1_,319.0,SD
EW1_,305.0,AD
EW1_,280.0,ND
EW1_,310.0,SD
EW1_,275.0,AD
EW1_,285.0,ND
EW1_,310.0,SD
EW1_,310.0,AD
EW1_,336.0,ND
EW1_,310.0,SD
EW1_,270.0,AD
EW1_,271.0,ND
EW1_,328.0,SD
EW1_,300.0,AD
EW1_,290.0,ND
EW1_,401.0,SD
EW1_,340.0,AD
EW1_,310.0,ND
EW1_,354.0,SD
EW1_,294.0,AD
EW1_,325.0,ND
EW1_,361.0,SD
EW1_,336.0,AD
EW1_,282.0,ND
EW1_,350.0,SD
EW1_,391.0,AD
EW1_,240.0,ND
EW1_,320.0,SD
EW1_,325.0,AD
IB,246.0,ND
IB,351.0,SD
IB,406.0,AD
IB,300.0,ND
IB,311.0,SD
IB,321.0,AD
IB,325.0,ND
IB,280.0,SD
IB,290.0,AD
IB,316.0,ND
IB,365.0,SD
IB,319.0,AD
IB,256.0,ND
IB,309.0,SD
IB,274.0,AD
IB,295.0,ND
IB,291.0,SD
IB,285.0,AD
IB,340.0,ND
IB,286.0,SD
IB,285.0,AD
IB,289.0,ND
IB,311.0,SD
IB,316.0,AD
IB,265.0,ND
IB,280.0,SD
IB,325.0,AD
IB,300.0,ND
IB,356.0,SD
IB,289.0,AD
IB,312.0,ND
IB,334.0,SD
IB,290.0,AD
IB,400.0,ND
IB,270.0,SD
IB,319.0,AD
IB,350.0,ND
IB,270.0,SD
IB,285.0,AD
IB,320.0,ND
IB,295.0,SD
IB,320.0,AD
IB,301.0,ND
IB,310.0,SD
IB,269.0,AD
IB,364.0,ND
IB,354.0,SD
IB,271.0,AD
IB,296.0,ND
IB,319.0,SD
IB,310.0,AD
IB,261.0,ND
IB,286.0,SD
IB,325.0,AD
IB,314.0,ND
IB,306.0,SD
IB,235.0,AD
IB,330.0,ND
IB,315.0,SD
IB,290.0,AD
IB,326.0,ND
IB,296.0,SD
IB,386.0,AD
IB,300.0,ND
IB,315.0,SD
IB,305.0,AD
IB,284.0,ND
IB,296.0,SD
IB,285.0,AD
IB,235.0,ND
IB,344.0,SD
IB,329.0,AD
IB,340.0,ND
IB,361.0,SD
IB,276.0,AD
IB,280.0,ND
IB,359.0,SD
IB,396.0,AD
IB,319.0,ND
IB,400.0,SD
IB,286.0,AD
IB,259.0,ND
IB,351.0,SD
IB,355.0,AD
IB,334.0,ND
IB,314.0,SD
IB,280.0,AD
IB,289.0,ND
IB,290.0,SD
IB,406.0,AD
IB,240.0,ND
IB,332.0,SD
IB,435.0,AD
IB,320.0,ND
IB,329.0,SD
IB,316.0,AD
IB,295.0,ND
IB,351.0,SD
IB,344.0,AD
IB,285.0,ND
IB,311.0,SD
IB,275.0,AD
IB,331.0,ND
IB,280.0,SD
IB,351.0,AD
IB,320.0,ND
IB,365.0,SD
IB,344.0,AD
IB,255.0,ND
IB,309.0,SD
IB,306.0,AD
IB,300.0,ND
IB,286.0,SD
IB,290.0,AD
IB,325.0,ND
IB,311.0,SD
IB,319.0,AD
IB,316.0,ND
IB,280.0,SD
IB,274.0,AD
IB,295.0,ND
IB,356.0,SD
IB,285.0,AD
IB,340.0,ND
IB,334.0,SD
IB,316.0,AD
IB,300.0,ND
IB,325.0,SD
IB,289.0,AD
IB,300.0,ND
IB,270.0,SD
IB,290.0,AD
IB,325.0,ND
IB,295.0,SD
IB,286.0,AD
IB,301.0,ND
IB,310.0,SD
IB,305.0,AD
IB,315.0,ND
IB,354.0,SD
IB,319.0,AD
IB,400.0,ND
IB,319.0,SD
IB,285.0,AD
IB,350.0,ND
IB,265.0,SD
IB,320.0,AD
IB,320.0,ND
IB,286.0,SD
IB,269.0,AD
RQ,375.0,ND
RQ,370.0,SD
RQ,406.0,AD
RQ,280.0,ND
RQ,234.0,SD
RQ,350.0,AD
RQ,284.0,ND
RQ,251.0,SD
RQ,491.0,AD
RQ,251.0,ND
RQ,351.0,SD
RQ,420.0,AD
RQ,305.0,ND
RQ,281.0,SD
RQ,350.0,AD
RQ,361.0,ND
RQ,299.0,SD
RQ,365.0,AD
RQ,264.0,ND
RQ,285.0,SD
RQ,381.0,AD
RQ,272.0,ND
RQ,290.0,SD
RQ,316.0,AD
RQ,265.0,ND
RQ,339.0,SD
RQ,335.0,AD
RQ,339.0,ND
RQ,296.0,SD
RQ,324.0,AD
RQ,301.0,ND
RQ,296.0,SD
RQ,350.0,AD
RQ,271.0,ND
RQ,289.0,SD
RQ,309.0,AD
RQ,250.0,ND
RQ,311.0,SD
RQ,280.0,AD
RQ,405.0,ND
RQ,290.0,SD
RQ,329.0,AD
RQ,235.0,ND
RQ,315.0,SD
RQ,271.0,AD
RQ,290.0,ND
RQ,294.0,SD
RQ,374.0,AD
RQ,374.0,ND
RQ,323.0,SD
RQ,346.0,AD
RQ,260.0,ND
RQ,335.0,SD
RQ,290.0,AD
RQ,275.0,ND
RQ,301.0,SD
RQ,361.0,AD
RQ,264.0,ND
RQ,284.0,SD
RQ,465.0,AD
RQ,274.0,ND
RQ,335.0,SD
RQ,345.0,AD
RQ,325.0,ND
RQ,325.0,SD
RQ,406.0,AD
RQ,264.0,ND
RQ,329.0,SD
RQ,395.0,AD
RQ,282.0,ND
RQ,390.0,SD
RQ,405.0,AD
RQ,230.0,ND
RQ,285.0,SD
RQ,315.0,AD
RQ,255.0,ND
RQ,294.0,SD
RQ,356.0,AD
RQ,251.0,ND
RQ,297.0,SD
RQ,280.0,AD
RQ,312.0,ND
RQ,371.0,SD
RQ,350.0,AD
RQ,315.0,ND
RQ,370.0,SD
RQ,350.0,AD
RQ,310.0,ND
RQ,301.0,SD
RQ,365.0,AD
RQ,330.0,ND
RQ,359.0,SD
RQ,316.0,AD
RQ,336.0,ND
RQ,295.0,SD
RQ,326.0,AD
RQ,350.0,ND
RQ,236.0,SD
RQ,264.0,AD
RQ,285.0,ND
RQ,311.0,SD
RQ,335.0,AD
RQ,241.0,ND
RQ,289.0,SD
RQ,279.0,AD
RQ,280.0,ND
RQ,300.0,SD
RQ,309.0,AD
RQ,284.0,ND
RQ,234.0,SD
RQ,280.0,AD
RQ,305.0,ND
RQ,351.0,SD
RQ,271.0,AD
KR,295.0,ND
KR,375.0,SD
KR,215.0,AD
KR,260.0,ND
KR,335.0,SD
KR,331.0,AD
KR,255.0,ND
KR,320.0,SD
KR,255.0,AD
KR,245.0,ND
KR,390.0,SD
KR,260.0,AD
KR,270.0,ND
KR,360.0,SD
KR,360.0,AD
KR,210.0,ND
KR,305.0,SD
KR,306.0,AD
KR,270.0,ND
KR,235.0,SD
KR,395.0,AD
KR,375.0,ND
KR,230.0,SD
KR,280.0,AD
KR,245.0,ND
KR,340.0,SD
KR,264.0,AD
KR,280.0,ND
KR,344.0,SD
KR,309.0,AD
KR,297.0,ND
KR,295.0,SD
KR,335.0,AD
KR,255.0,ND
KR,341.0,SD
KR,296.0,AD
KR,311.0,ND
KR,325.0,SD
KR,309.0,AD
KR,305.0,ND
KR,290.0,SD
KR,301.0,AD
KR,255.0,ND
KR,310.0,SD
KR,265.0,AD
KR,300.0,ND
KR,340.0,SD
KR,300.0,AD
KR,340.0,ND
KR,355.0,SD
KR,285.0,AD
KR,275.0,ND
KR,295.0,SD
KR,296.0,AD
KR,260.0,ND
KR,307.0,SD
KR,355.0,AD
KR,240.0,ND
KR,330.0,SD
KR,346.0,AD
KR,315.0,ND
KR,295.0,SD
KR,315.0,AD
KR,260.0,ND
KR,301.0,SD
KR,380.0,AD
KR,296.0,ND
KR,260.0,SD
KR,386.0,AD
KR,380.0,ND
KR,260.0,SD
KR,256.0,AD
KR,295.0,ND
KR,295.0,SD
KR,390.0,AD
KR,210.0,ND
KR,375.0,SD
KR,399.0,AD
KR,280.0,ND
KR,396.0,SD
KR,300.0,AD
KR,280.0,ND
KR,320.0,SD
KR,226.0,AD
KR,250.0,ND
KR,345.0,SD
KR,274.0,AD
KR,255.0,ND
KR,380.0,SD
KR,320.0,AD
KR,260.0,ND
KR,260.0,SD
KR,316.0,AD
KR,245.0,ND
KR,320.0,SD
KR,284.0,AD
KR,270.0,ND
KR,305.0,SD
KR,255.0,AD
KR,375.0,ND
KR,235.0,SD
KR,260.0,AD
KR,245.0,ND
KR,230.0,SD
KR,360.0,AD
KR,210.0,ND
KR,340.0,SD
KR,306.0,AD
KR,280.0,ND
KR,290.0,SD
KR,395.0,AD
KR,275.0,ND
KR,295.0,SD
KR,264.0,AD
KR,261.0,ND
KR,285.0,SD
KR,406.0,AD
KR,280.0,ND
KR,300.0,SD
KR,309.0,AD
KR,311.0,ND
KR,341.0,SD
KR,404.0,AD
KR,305.0,ND
KR,325.0,SD
KR,310.0,AD
KR,340.0,ND
KR,340.0,SD
KR,309.0,AD
KR,260.0,ND
KR,355.0,SD
KR,301.0,AD
EB1,356.0,ND
EB1,340.0,SD
EB1,350.0,AD
EB1,320.0,ND
EB1,304.0,SD
EB1,185.0,AD
EB1,321.0,ND
EB1,455.0,SD
EB1,430.0,AD
EB1,376.0,ND
EB1,260.0,SD
EB1,355.0,AD
EB1,324.0,ND
EB1,280.0,SD
EB1,286.0,AD
EB1,239.0,ND
EB1,385.0,SD
EB1,336.0,AD
EB1,249.0,ND
EB1,230.0,SD
EB1,250.0,AD
EB1,371.0,ND
EB1,355.0,SD
EB1,425.0,AD
EB1,386.0,ND
EB1,275.0,SD
EB1,390.0,AD
EB1,310.0,ND
EB1,416.0,SD
EB1,480.0,AD
EB1,294.0,ND
EB1,295.0,SD
EB1,291.0,AD
EB1,285.0,ND
EB1,330.0,SD
EB1,335.0,AD
EB1,255.0,ND
EB1,286.0,SD
EB1,350.0,AD
EB1,370.0,ND
EB1,260.0,SD
EB1,325.0,AD
EB1,254.0,ND
EB1,240.0,SD
EB1,305.0,AD
EB1,285.0,ND
EB1,300.0,SD
EB1,375.0,AD
EB1,411.0,ND
EB1,286.0,SD
EB1,230.0,AD
EB1,350.0,ND
EB1,296.0,SD
EB1,276.0,AD
EB1,301.0,ND
EB1,264.0,SD
EB1,495.0,AD
EB1,255.0,ND
EB1,290.0,SD
EB1,395.0,AD
EB1,274.0,ND
EB1,296.0,SD
EB1,305.0,AD
EB1,311.0,ND
EB1,315.0,SD
EB1,345.0,AD
EB1,285.0,ND
EB1,360.0,SD
EB1,315.0,AD
EB1,279.0,ND
EB1,260.0,SD
EB1,261.0,AD
EB1,310.0,ND
EB1,420.0,SD
EB1,350.0,AD
EB1,300.0,ND
EB1,281.0,SD
EB1,415.0,AD
EB1,254.0,ND
EB1,355.0,SD
EB1,184.0,AD
EB1,285.0,ND
EB1,266.0,SD
EB1,439.0,AD
EB1,230.0,ND
EB1,384.0,SD
EB1,294.0,AD
EB1,289.0,ND
EB1,280.0,SD
EB1,430.0,AD
EB1,369.0,ND
EB1,335.0,SD
EB1,185.0,AD
EB1,335.0,ND
EB1,300.0,SD
EB1,355.0,AD
EB1,320.0,ND
EB1,455.0,SD
EB1,250.0,AD
EB1,321.0,ND
EB1,260.0,SD
EB1,425.0,AD
EB1,376.0,ND
EB1,280.0,SD
EB1,390.0,AD
EB1,324.0,ND
EB1,385.0,SD
EB1,326.0,AD
EB1,239.0,ND
EB1,230.0,SD
EB1,480.0,AD
EB1,371.0,ND
EB1,275.0,SD
EB1,380.0,AD
EB1,386.0,ND
EB1,285.0,SD
EB1,299.0,AD
EB1,321.0,ND
EB1,416.0,SD
EB1,300.0,AD
EB1,294.0,ND
EB1,320.0,SD
EB1,350.0,AD
EB1,241.0,ND
EB1,360.0,SD
EB1,325.0,AD
EB1,285.0,ND
EB1,286.0,SD
EB1,230.0,AD
EB1,255.0,ND
EB1,260.0,SD
EB1,365.0,AD
NA_,319.0,ND
NA_,360.0,SD
NA_,360.0,AD
NA_,355.0,ND
NA_,390.0,SD
NA_,291.0,AD
NA_,299.0,ND
NA_,341.0,SD
NA_,345.0,AD
NA_,344.0,ND
NA_,356.0,SD
NA_,376.0,AD
NA_,320.0,ND
NA_,335.0,SD
NA_,340.0,AD
NA_,391.0,ND
NA_,411.0,SD
NA_,405.0,AD
NA_,315.0,ND
NA_,455.0,SD
NA_,305.0,AD
NA_,265.0,ND
NA_,485.0,SD
NA_,384.0,AD
NA_,295.0,ND
NA_,374.0,SD
NA_,215.0,AD
NA_,304.0,ND
NA_,425.0,SD
NA_,339.0,AD
NA_,285.0,ND
NA_,416.0,SD
NA_,344.0,AD
NA_,335.0,ND
NA_,426.0,SD
NA_,335.0,AD
NA_,309.0,ND
NA_,426.0,SD
NA_,311.0,AD
NA_,487.0,ND
NA_,415.0,SD
NA_,266.0,AD
NA_,350.0,ND
NA_,415.0,SD
NA_,434.0,AD
NA_,275.0,ND
NA_,355.0,SD
NA_,500.0,AD
NA_,415.0,ND
NA_,326.0,SD
NA_,370.0,AD
NA_,355.0,ND
NA_,415.0,SD
NA_,314.0,AD
NA_,300.0,ND
NA_,315.0,SD
NA_,360.0,AD
NA_,365.0,ND
NA_,315.0,SD
NA_,320.0,AD
NA_,375.0,ND
NA_,445.0,SD
NA_,285.0,AD
NA_,319.0,ND
NA_,356.0,SD
NA_,300.0,AD
NA_,344.0,ND
NA_,300.0,SD
NA_,321.0,AD
NA_,440.0,ND
NA_,360.0,SD
NA_,319.0,AD
NA_,365.0,ND
NA_,364.0,SD
NA_,345.0,AD
NA_,456.0,ND
NA_,386.0,SD
NA_,291.0,AD
NA_,315.0,ND
NA_,486.0,SD
NA_,345.0,AD
NA_,355.0,ND
NA_,346.0,SD
NA_,305.0,AD
NA_,320.0,ND
NA_,390.0,SD
NA_,250.0,AD
NA_,391.0,ND
NA_,341.0,SD
NA_,339.0,AD
NA_,265.0,ND
NA_,335.0,SD
NA_,486.0,AD
NA_,189.0,ND
NA_,455.0,SD
NA_,361.0,AD
NA_,331.0,ND
NA_,486.0,SD
NA_,266.0,AD
NC,351.0,ND
NC,384.0,SD
NC,310.0,AD
NC,300.0,ND
NC,329.0,SD
NC,330.0,AD
NC,375.0,ND
NC,255.0,SD
NC,354.0,AD
NC,346.0,ND
NC,386.0,SD
NC,391.0,AD
NC,320.0,ND
NC,375.0,SD
NC,291.0,AD
NC,335.0,ND
NC,480.0,SD
NC,320.0,AD
NC,345.0,ND
NC,296.0,SD
NC,319.0,AD
NC,305.0,ND
NC,280.0,SD
NC,450.0,AD
NC,324.0,ND
NC,381.0,SD
NC,440.0,AD
NC,140.0,ND
NC,330.0,SD
NC,280.0,AD
NC,351.0,ND
NC,350.0,SD
NC,184.0,AD
NC,331.0,ND
NC,320.0,SD
NC,165.0,AD
NC,411.0,ND
NC,416.0,SD
NC,340.0,AD
NC,305.0,ND
NC,299.0,SD
NC,216.0,AD
NC,310.0,ND
NC,505.0,SD
NC,449.0,AD
NC,384.0,ND
NC,335.0,SD
NC,425.0,AD
NC,371.0,ND
NC,395.0,SD
NC,310.0,AD
NC,300.0,ND
NC,306.0,SD
NC,131.0,AD
NC,271.0,ND
NC,395.0,SD
NC,410.0,AD
NC,345.0,ND
NC,371.0,SD
NC,280.0,AD
NC,260.0,ND
NC,384.0,SD
NC,395.0,AD
NC,290.0,ND
NC,405.0,SD
NC,355.0,AD
NC,370.0,ND
NC,331.0,SD
NC,345.0,AD
NC,360.0,ND
NC,410.0,SD
NC,366.0,AD
NC,370.0,ND
NC,305.0,SD
NC,391.0,AD
NC,270.0,ND
NC,410.0,SD
NC,291.0,AD
NC,351.0,ND
NC,455.0,SD
NC,320.0,AD
NC,264.0,ND
NC,255.0,SD
NC,400.0,AD
NC,295.0,ND
NC,480.0,SD
NC,360.0,AD
NC,335.0,ND
NC,296.0,SD
NC,380.0,AD
JT1,319.0,ND
JT1,304.0,SD
JT1,350.0,AD
JT1,330.0,ND
JT1,325.0,SD
JT1,250.0,AD
JT1,285.0,ND
JT1,376.0,SD
JT1,289.0,AD
JT1,389.0,ND
JT1,340.0,SD
JT1,241.0,AD
JT1,261.0,ND
JT1,360.0,SD
JT1,289.0,AD
JT1,275.0,ND
JT1,275.0,SD
JT1,185.0,AD
JT1,270.0,ND
JT1,321.0,SD
JT1,286.0,AD
JT1,215.0,ND
JT1,300.0,SD
JT1,270.0,AD
JT1,255.0,ND
JT1,280.0,SD
JT1,315.0,AD
JT1,290.0,ND
JT1,270.0,SD
JT1,276.0,AD
JT1,280.0,ND
JT1,365.0,SD
JT1,235.0,AD
JT1,296.0,ND
JT1,285.0,SD
JT1,445.0,AD
JT1,240.0,ND
JT1,300.0,SD
JT1,441.0,AD
JT1,239.0,ND
JT1,265.0,SD
JT1,290.0,AD
JT1,249.0,ND
JT1,311.0,SD
JT1,345.0,AD
JT1,331.0,ND
JT1,311.0,SD
JT1,294.0,AD
JT1,275.0,ND
JT1,335.0,SD
JT1,326.0,AD
JT1,285.0,ND
JT1,305.0,SD
JT1,275.0,AD
JT1,245.0,ND
JT1,335.0,SD
JT1,335.0,AD
JT1,260.0,ND
JT1,295.0,SD
JT1,285.0,AD
JT1,245.0,ND
JT1,336.0,SD
JT1,350.0,AD
JT1,279.0,ND
JT1,315.0,SD
JT1,466.0,AD
JT1,299.0,ND
JT1,335.0,SD
JT1,345.0,AD
JT1,246.0,ND
JT1,304.0,SD
JT1,345.0,AD
JT1,295.0,ND
JT1,405.0,SD
JT1,260.0,AD
JT1,296.0,ND
JT1,359.0,SD
JT1,330.0,AD
JT1,319.0,ND
JT1,294.0,SD
JT1,355.0,AD
JT1,319.0,ND
JT1,325.0,SD
JT1,289.0,AD
JT1,250.0,ND
JT1,325.0,SD
JT1,185.0,AD
JT1,240.0,ND
JT1,376.0,SD
JT1,286.0,AD
JT1,275.0,ND
JT1,360.0,SD
JT1,315.0,AD
JT1,330.0,ND
JT1,321.0,SD
JT1,276.0,AD
JT1,261.0,ND
JT1,286.0,SD
JT1,355.0,AD
JT1,275.0,ND
JT1,270.0,SD
JT1,329.0,AD
JT1,270.0,ND
JT1,365.0,SD
JT1,445.0,AD
JT1,215.0,ND
JT1,289.0,SD
JT1,441.0,AD
JT1,255.0,ND
JT1,240.0,SD
JT1,290.0,AD
JT2,270.0,ND
JT2,284.0,SD
JT2,455.0,AD
JT2,360.0,ND
JT2,440.0,SD
JT2,101.0,AD
JT2,346.0,ND
JT2,395.0,SD
JT2,296.0,AD
JT2,360.0,ND
JT2,351.0,SD
JT2,551.0,AD
JT2,291.0,ND
JT2,526.0,SD
JT2,320.0,AD
JT2,340.0,ND
JT2,330.0,SD
JT2,496.0,AD
JT2,309.0,ND
JT2,380.0,SD
JT2,350.0,AD
JT2,255.0,ND
JT2,346.0,SD
JT2,209.0,AD
JT2,370.0,ND
JT2,196.0,SD
JT2,287.0,AD
JT2,265.0,ND
JT2,255.0,SD
JT2,310.0,AD
JT2,164.0,ND
JT2,380.0,SD
JT2,281.0,AD
JT2,314.0,ND
JT2,404.0,SD
JT2,381.0,AD
JT2,295.0,ND
JT2,360.0,SD
JT2,301.0,AD
JT2,284.0,ND
JT2,164.0,SD
JT2,299.0,AD
JT2,305.0,ND
JT2,320.0,SD
JT2,300.0,AD
JT2,265.0,ND
JT2,295.0,SD
JT2,300.0,AD
JT2,281.0,ND
JT2,271.0,SD
JT2,270.0,AD
JT2,309.0,ND
JT2,340.0,SD
JT2,279.0,AD
JT2,319.0,ND
JT2,290.0,SD
JT2,307.0,AD
JT2,270.0,ND
JT2,250.0,SD
JT2,360.0,AD
JT2,290.0,ND
JT2,260.0,SD
JT2,315.0,AD
JT2,276.0,ND
JT2,426.0,SD
JT2,390.0,AD
JT2,255.0,ND
JT2,389.0,SD
JT2,369.0,AD
JT2,245.0,ND
JT2,316.0,SD
JT2,331.0,AD
JT2,181.0,ND
JT2,295.0,SD
JT2,282.0,AD
JT2,269.0,ND
JT2,395.0,SD
JT2,310.0,AD
JT2,236.0,ND
JT2,346.0,SD
JT2,305.0,AD
JT2,274.0,ND
JT2,526.0,SD
JT2,311.0,AD
JT2,296.0,ND
JT2,346.0,SD
JT2,296.0,AD
JT2,289.0,ND
JT2,196.0,SD
JT2,551.0,AD
JT2,346.0,ND
JT2,255.0,SD
JT2,496.0,AD
JT2,291.0,ND
JT2,369.0,SD
JT2,209.0,AD
JT2,255.0,ND
JT2,404.0,SD
JT2,310.0,AD
JT2,370.0,ND
JT2,360.0,SD
JT2,281.0,AD
JT2,411.0,ND
JT2,164.0,SD
JT2,270.0,AD
PB,350.0,ND
PB,362.0,SD
PB,281.0,AD
PB,299.0,ND
PB,305.0,SD
PB,410.0,AD
PB,316.0,ND
PB,270.0,SD
PB,325.0,AD
PB,310.0,ND
PB,320.0,SD
PB,235.0,AD
PB,285.0,ND
PB,286.0,SD
PB,319.0,AD
PB,261.0,ND
PB,343.0,SD
PB,240.0,AD
PB,299.0,ND
PB,325.0,SD
PB,250.0,AD
PB,266.0,ND
PB,385.0,SD
PB,286.0,AD
PB,366.0,ND
PB,284.0,SD
PB,385.0,AD
PB,255.0,ND
PB,265.0,SD
PB,305.0,AD
PB,275.0,ND
PB,306.0,SD
PB,326.0,AD
PB,264.0,ND
PB,310.0,SD
PB,290.0,AD
PB,275.0,ND
PB,320.0,SD
PB,309.0,AD
PB,296.0,ND
PB,326.0,SD
PB,400.0,AD
PB,251.0,ND
PB,309.0,SD
PB,275.0,AD
PB,265.0,ND
PB,316.0,SD
PB,331.0,AD
PB,255.0,ND
PB,359.0,SD
PB,321.0,AD
PB,266.0,ND
PB,225.0,SD
PB,186.0,AD
PB,255.0,ND
PB,335.0,SD
PB,277.0,AD
PB,270.0,ND
PB,280.0,SD
PB,335.0,AD
PB,265.0,ND
PB,320.0,SD
PB,281.0,AD
PB,260.0,ND
PB,264.0,SD
PB,301.0,AD
PB,280.0,ND
PB,261.0,SD
PB,290.0,AD
PB,300.0,ND
PB,355.0,SD
PB,291.0,AD
PB,259.0,ND
PB,320.0,SD
PB,370.0,AD
PB,306.0,ND
PB,411.0,SD
PB,311.0,AD
PB,319.0,ND
PB,431.0,SD
PB,336.0,AD
PB,275.0,ND
PB,315.0,SD
PB,255.0,AD
PB,283.0,ND
PB,330.0,SD
PB,285.0,AD
PB,345.0,ND
PB,346.0,SD
PB,339.0,AD
PB,300.0,ND
PB,325.0,SD
PB,315.0,AD
PB,316.0,ND
PB,320.0,SD
PB,300.0,AD
PB,299.0,ND
PB,270.0,SD
PB,395.0,AD
PB,316.0,ND
PB,320.0,SD
PB,295.0,AD
PB,310.0,ND
PB,286.0,SD
PB,311.0,AD
PB,285.0,ND
PB,343.0,SD
PB,410.0,AD
PB,261.0,ND
PB,325.0,SD
PB,325.0,AD
PB,266.0,ND
PB,284.0,SD
PB,319.0,AD
PB,366.0,ND
PB,334.0,SD
PB,240.0,AD
PB,286.0,ND
PB,265.0,SD
PB,250.0,AD
PB,275.0,ND
PB,336.0,SD
PB,385.0,AD
PB,299.0,ND
PB,349.0,SD
PB,360.0,AD
PB,264.0,ND
PB,320.0,SD
PB,300.0,AD
PB,275.0,ND
PB,326.0,SD
PB,310.0,AD
PB,251.0,ND
PB,316.0,SD
PB,290.0,AD
PB,265.0,ND
PB,359.0,SD
PB,309.0,AD
PB,255.0,ND
PB,366.0,SD
PB,400.0,AD
PB,281.0,ND
PB,225.0,SD
PB,275.0,AD
AW2_,276.0,ND
AW2_,275.0,SD
AW2_,350.0,AD
AW2_,205.0,ND
AW2_,306.0,SD
AW2_,361.0,AD
AW2_,310.0,ND
AW2_,365.0,SD
AW2_,679.0,AD
AW2_,201.0,ND
AW2_,386.0,SD
AW2_,270.0,AD
AW2_,294.0,ND
AW2_,326.0,SD
AW2_,321.0,AD
AW2_,324.0,ND
AW2_,334.0,SD
AW2_,245.0,AD
AW2_,230.0,ND
AW2_,312.0,SD
AW2_,291.0,AD
AW2_,301.0,ND
AW2_,459.0,SD
AW2_,474.0,AD
AW2_,330.0,ND
AW2_,460.0,SD
AW2_,291.0,AD
AW2_,350.0,ND
AW2_,350.0,SD
AW2_,294.0,AD
AW2_,285.0,ND
AW2_,340.0,SD
AW2_,225.0,AD
AW2_,275.0,ND
AW2_,311.0,SD
AW2_,450.0,AD
AW2_,265.0,ND
AW2_,456.0,SD
AW2_,361.0,AD
AW2_,290.0,ND
AW2_,300.0,SD
AW2_,159.0,AD
AW2_,384.0,ND
AW2_,300.0,SD
AW2_,350.0,AD
AW2_,319.0,ND
AW2_,355.0,SD
AW2_,295.0,AD
AW2_,285.0,ND
AW2_,390.0,SD
AW2_,236.0,AD
AW2_,296.0,ND
AW2_,291.0,SD
AW2_,255.0,AD
AW2_,280.0,ND
AW2_,275.0,SD
AW2_,246.0,AD
AW2_,276.0,ND
AW2_,320.0,SD
AW2_,441.0,AD
AW2_,306.0,ND
AW2_,374.0,SD
AW2_,460.0,AD
AW2_,260.0,ND
AW2_,276.0,SD
AW2_,101.0,AD
AW2_,256.0,ND
AW2_,276.0,SD
AW2_,379.0,AD
AW2_,265.0,ND
AW2_,321.0,SD
AW2_,345.0,AD
AW2_,245.0,ND
AW2_,284.0,SD
AW2_,679.0,AD
AW2_,369.0,ND
AW2_,306.0,SD
AW2_,270.0,AD
AW2_,222.0,ND
AW2_,365.0,SD
AW2_,321.0,AD
AW2_,201.0,ND
AW2_,312.0,SD
AW2_,291.0,AD
AW2_,230.0,ND
AW2_,351.0,SD
AW2_,225.0,AD
AW2_,301.0,ND
AW2_,350.0,SD
AW2_,576.0,AD
AW2_,296.0,ND
AW2_,280.0,SD
AW2_,311.0,AD
RF,314.0,ND
RF,305.0,SD
RF,430.0,AD
RF,318.0,ND
RF,239.0,SD
RF,215.0,AD
RF,304.0,ND
RF,310.0,SD
RF,430.0,AD
RF,291.0,ND
RF,304.0,SD
RF,364.0,AD
RF,326.0,ND
RF,410.0,SD
RF,434.0,AD
RF,350.0,ND
RF,276.0,SD
RF,707.0,AD
RF,369.0,ND
RF,316.0,SD
RF,444.0,AD
RF,286.0,ND
RF,364.0,SD
RF,500.0,AD
RF,115.0,ND
RF,389.0,SD
RF,455.0,AD
RF,255.0,ND
RF,290.0,SD
RF,395.0,AD
RF,279.0,ND
RF,286.0,SD
RF,371.0,AD
RF,174.0,ND
RF,275.0,SD
RF,356.0,AD
RF,264.0,ND
RF,176.0,SD
RF,350.0,AD
RF,255.0,ND
RF,476.0,SD
RF,396.0,AD
RF,426.0,ND
RF,360.0,SD
RF,370.0,AD
RF,345.0,ND
RF,355.0,SD
RF,365.0,AD
RF,346.0,ND
RF,329.0,SD
RF,385.0,AD
RF,335.0,ND
RF,305.0,SD
RF,260.0,AD
RF,244.0,ND
RF,351.0,SD
RF,360.0,AD
RF,155.0,ND
RF,306.0,SD
RF,430.0,AD
RF,371.0,ND
RF,361.0,SD
RF,290.0,AD
RF,312.0,ND
RF,441.0,SD
RF,351.0,AD
RF,350.0,ND
RF,314.0,SD
RF,336.0,AD
RF,336.0,ND
RF,444.0,SD
RF,569.0,AD
RF,261.0,ND
RF,239.0,SD
RF,445.0,AD
RF,390.0,ND
RF,310.0,SD
RF,344.0,AD
RF,254.0,ND
RF,304.0,SD
RF,416.0,AD
RF,220.0,ND
RF,364.0,SD
RF,364.0,AD
RF,304.0,ND
RF,290.0,SD
RF,444.0,AD
RF,291.0,ND
RF,286.0,SD
RF,500.0,AD
RF,350.0,ND
RF,429.0,SD
RF,386.0,AD
RF,286.0,ND
RF,275.0,SD
RF,371.0,AD
TM,335.0,ND
TM,301.0,SD
TM,339.0,AD
TM,314.0,ND
TM,375.0,SD
TM,341.0,AD
TM,266.0,ND
TM,504.0,SD
TM,296.0,AD
TM,285.0,ND
TM,324.0,SD
TM,306.0,AD
TM,265.0,ND
TM,285.0,SD
TM,380.0,AD
TM,270.0,ND
TM,301.0,SD
TM,420.0,AD
TM,269.0,ND
TM,351.0,SD
TM,315.0,AD
TM,105.0,ND
TM,366.0,SD
TM,311.0,AD
TM,506.0,ND
TM,299.0,SD
TM,291.0,AD
TM,111.0,ND
TM,266.0,SD
TM,350.0,AD
TM,430.0,ND
TM,325.0,SD
TM,316.0,AD
TM,235.0,ND
TM,381.0,SD
TM,246.0,AD
TM,466.0,ND
TM,410.0,SD
TM,230.0,AD
TM,255.0,ND
TM,295.0,SD
TM,269.0,AD
TM,391.0,ND
TM,344.0,SD
TM,282.0,AD
TM,254.0,ND
TM,279.0,SD
TM,339.0,AD
TM,335.0,ND
TM,295.0,SD
TM,260.0,AD
TM,270.0,ND
TM,355.0,SD
TM,445.0,AD
TM,254.0,ND
TM,324.0,SD
TM,255.0,AD
TM,259.0,ND
TM,330.0,SD
TM,260.0,AD
TM,304.0,ND
TM,336.0,SD
TM,295.0,AD
TM,340.0,ND
TM,370.0,SD
TM,314.0,AD
TM,271.0,ND
TM,301.0,SD
TM,384.0,AD
TM,310.0,ND
TM,461.0,SD
TM,341.0,AD
TM,285.0,ND
TM,400.0,SD
TM,380.0,AD
TM,265.0,ND
TM,310.0,SD
TM,420.0,AD
TM,270.0,ND
TM,370.0,SD
TM,315.0,AD
TM,300.0,ND
TM,351.0,SD
TM,350.0,AD
TM,281.0,ND
TM,324.0,SD
TM,340.0,AD
LS,280.0,ND
LS,335.0,SD
LS,256.0,AD
LS,250.0,ND
LS,234.0,SD
LS,291.0,AD
LS,275.0,ND
LS,241.0,SD
LS,259.0,AD
LS,301.0,ND
LS,250.0,SD
LS,261.0,AD
LS,279.0,ND
LS,290.0,SD
LS,306.0,AD
LS,250.0,ND
LS,305.0,SD
LS,261.0,AD
LS,239.0,ND
LS,360.0,SD
LS,255.0,AD
LS,264.0,ND
LS,300.0,SD
LS,339.0,AD
LS,226.0,ND
LS,330.0,SD
LS,286.0,AD
LS,351.0,ND
LS,260.0,SD
LS,292.0,AD
LS,241.0,ND
LS,311.0,SD
LS,329.0,AD
LS,335.0,ND
LS,264.0,SD
LS,264.0,AD
LS,236.0,ND
LS,270.0,SD
LS,311.0,AD
LS,305.0,ND
LS,279.0,SD
LS,319.0,AD
LS,315.0,ND
LS,300.0,SD
LS,246.0,AD
LS,280.0,ND
LS,289.0,SD
LS,395.0,AD
LS,225.0,ND
LS,309.0,SD
LS,246.0,AD
LS,266.0,ND
LS,305.0,SD
LS,254.0,AD
LS,266.0,ND
LS,300.0,SD
LS,351.0,AD
LS,250.0,ND
LS,330.0,SD
LS,246.0,AD
LS,261.0,ND
LS,265.0,SD
LS,290.0,AD
LS,251.0,ND
LS,411.0,SD
LS,231.0,AD
LS,260.0,ND
LS,300.0,SD
LS,515.0,AD
LS,241.0,ND
LS,130.0,SD
LS,285.0,AD
LS,260.0,ND
LS,245.0,SD
LS,290.0,AD
LS,265.0,ND
LS,285.0,SD
LS,439.0,AD
LS,250.0,ND
LS,285.0,SD
LS,300.0,AD
LS,275.0,ND
LS,300.0,SD
LS,250.0,AD
LS,246.0,ND
LS,335.0,SD
LS,300.0,AD
LS,215.0,ND
LS,356.0,SD
LS,275.0,AD
LS,255.0,ND
LS,276.0,SD
LS,230.0,AD
LS,240.0,ND
LS,330.0,SD
LS,260.0,AD
LS,301.0,ND
LS,271.0,SD
LS,261.0,AD
LS,279.0,ND
LS,275.0,SD
LS,306.0,AD
LS,250.0,ND
LS,260.0,SD
LS,261.0,AD
LS,239.0,ND
LS,310.0,SD
LS,255.0,AD
LS,264.0,ND
LS,234.0,SD
LS,339.0,AD
LS,315.0,ND
LS,250.0,SD
LS,265.0,AD
LS,351.0,ND
LS,290.0,SD
LS,292.0,AD
LS,241.0,ND
LS,305.0,SD
LS,329.0,AD
LS,290.0,ND
LS,300.0,SD
LS,329.0,AD
LS,255.0,ND
LS,330.0,SD
LS,250.0,AD
LS,305.0,ND
LS,311.0,SD
LS,319.0,AD
LS,315.0,ND
LS,295.0,SD
LS,246.0,AD
LS,225.0,ND
LS,375.0,SD
LS,246.0,AD
LS,256.0,ND
LS,264.0,SD
LS,256.0,AD
LS,266.0,ND
LS,270.0,SD
LS,254.0,AD
LH1,225.0,ND
LH1,307.0,SD
LH1,300.0,AD
LH1,284.0,ND
LH1,360.0,SD
LH1,320.0,AD
LH1,251.0,ND
LH1,301.0,SD
LH1,296.0,AD
LH1,254.0,ND
LH1,369.0,SD
LH1,345.0,AD
LH1,330.0,ND
LH1,316.0,SD
LH1,256.0,AD
LH1,280.0,ND
LH1,355.0,SD
LH1,249.0,AD
LH1,320.0,ND
LH1,405.0,SD
LH1,375.0,AD
LH1,250.0,ND
LH1,365.0,SD
LH1,346.0,AD
LH1,360.0,ND
LH1,430.0,SD
LH1,365.0,AD
LH1,291.0,ND
LH1,339.0,SD
LH1,315.0,AD
LH1,265.0,ND
LH1,345.0,SD
LH1,220.0,AD
LH1,276.0,ND
LH1,495.0,SD
LH1,431.0,AD
LH1,341.0,ND
LH1,515.0,SD
LH1,346.0,AD
LH1,270.0,ND
LH1,290.0,SD
LH1,245.0,AD
LH1,225.0,ND
LH1,314.0,SD
LH1,311.0,AD
LH1,306.0,ND
LH1,290.0,SD
LH1,450.0,AD
LH1,140.0,ND
LH1,295.0,SD
LH1,346.0,AD
LH1,245.0,ND
LH1,291.0,SD
LH1,290.0,AD
LH1,270.0,ND
LH1,336.0,SD
LH1,325.0,AD
LH1,260.0,ND
LH1,425.0,SD
LH1,385.0,AD
LH1,301.0,ND
LH1,345.0,SD
LH1,410.0,AD
LH1,205.0,ND
LH1,340.0,SD
LH1,300.0,AD
LH1,285.0,ND
LH1,291.0,SD
LH1,245.0,AD
LH1,252.0,ND
LH1,296.0,SD
LH1,309.0,AD
LH1,310.0,ND
LH1,341.0,SD
LH1,335.0,AD
LH1,286.0,ND
LH1,354.0,SD
LH1,270.0,AD
LH1,274.0,ND
LH1,307.0,SD
LH1,295.0,AD
LH1,306.0,ND
LH1,341.0,SD
LH1,320.0,AD
LH1,291.0,ND
LH1,335.0,SD
LH1,256.0,AD
LH1,301.0,ND
LH1,320.0,SD
LH1,249.0,AD
LH1,251.0,ND
LH1,285.0,SD
LH1,346.0,AD
LH1,330.0,ND
LH1,360.0,SD
LH1,265.0,AD
LH1,250.0,ND
LH1,316.0,SD
LH1,510.0,AD
LH1,360.0,ND
LH1,355.0,SD
LH1,330.0,AD
LH1,365.0,ND
LH1,405.0,SD
LH1,275.0,AD
LH1,291.0,ND
LH1,365.0,SD
LH1,431.0,AD
LH1,265.0,ND
LH1,430.0,SD
LH1,346.0,AD
LH1,215.0,ND
LH1,339.0,SD
LH1,311.0,AD
RC,372.0,ND
RC,454.0,SD
RC,284.0,AD
RC,275.0,ND
RC,470.0,SD
RC,540.0,AD
RC,291.0,ND
RC,264.0,SD
RC,505.0,AD
RC,336.0,ND
RC,489.0,SD
RC,460.0,AD
RC,350.0,ND
RC,296.0,SD
RC,311.0,AD
RC,396.0,ND
RC,375.0,SD
RC,301.0,AD
RC,359.0,ND
RC,399.0,SD
RC,305.0,AD
RC,274.0,ND
RC,399.0,SD
RC,400.0,AD
RC,270.0,ND
RC,379.0,SD
RC,326.0,AD
RC,285.0,ND
RC,356.0,SD
RC,301.0,AD
RC,306.0,ND
RC,360.0,SD
RC,335.0,AD
RC,315.0,ND
RC,310.0,SD
RC,380.0,AD
RC,321.0,ND
RC,425.0,SD
RC,254.0,AD
RC,351.0,ND
RC,395.0,SD
RC,369.0,AD
RC,391.0,ND
RC,344.0,SD
RC,286.0,AD
RC,305.0,ND
RC,415.0,SD
RC,405.0,AD
RC,303.0,ND
RC,380.0,SD
RC,381.0,AD
RC,251.0,ND
RC,340.0,SD
RC,365.0,AD
RC,295.0,ND
RC,371.0,SD
RC,389.0,AD
RC,336.0,ND
RC,400.0,SD
RC,485.0,AD
RC,264.0,ND
RC,420.0,SD
RC,421.0,AD
RC,345.0,ND
RC,316.0,SD
RC,410.0,AD
RC,321.0,ND
RC,390.0,SD
RC,284.0,AD
RC,311.0,ND
RC,315.0,SD
RC,429.0,AD
RC,245.0,ND
RC,330.0,SD
RC,280.0,AD
RC,276.0,ND
RC,410.0,SD
RC,349.0,AD
RC,279.0,ND
RC,325.0,SD
RC,315.0,AD
RC,306.0,ND
RC,351.0,SD
RC,340.0,AD
RC,300.0,ND
RC,350.0,SD
RC,460.0,AD
RC,321.0,ND
RC,430.0,SD
RC,311.0,AD
RC,320.0,ND
RC,449.0,SD
RC,305.0,AD
RC,316.0,ND
RC,485.0,SD
RC,326.0,AD
RC,275.0,ND
RC,264.0,SD
RC,335.0,AD
RC,291.0,ND
RC,489.0,SD
RC,360.0,AD
RC,336.0,ND
RC,296.0,SD
RC,415.0,AD
RC,350.0,ND
RC,375.0,SD
RC,410.0,AD
RC,396.0,ND
RC,399.0,SD
RC,380.0,AD
RC,274.0,ND
RC,379.0,SD
RC,369.0,AD
RC,270.0,ND
RC,351.0,SD
RC,286.0,AD
TC,249.0,ND
TC,234.0,SD
TC,331.0,AD
TC,250.0,ND
TC,255.0,SD
TC,385.0,AD
TC,290.0,ND
TC,375.0,SD
TC,340.0,AD
TC,345.0,ND
TC,269.0,SD
TC,320.0,AD
TC,276.0,ND
TC,415.0,SD
TC,291.0,AD
TC,260.0,ND
TC,285.0,SD
TC,285.0,AD
TC,346.0,ND
TC,350.0,SD
TC,310.0,AD
TC,307.0,ND
TC,391.0,SD
TC,145.0,AD
TC,337.0,ND
TC,345.0,SD
TC,295.0,AD
TC,306.0,ND
TC,315.0,SD
TC,435.0,AD
TC,279.0,ND
TC,335.0,SD
TC,340.0,AD
TC,280.0,ND
TC,284.0,SD
TC,375.0,AD
TC,425.0,ND
TC,311.0,SD
TC,360.0,AD
TC,254.0,ND
TC,301.0,SD
TC,391.0,AD
TC,275.0,ND
TC,295.0,SD
TC,306.0,AD
TC,316.0,ND
TC,285.0,SD
TC,439.0,AD
TC,301.0,ND
TC,360.0,SD
TC,331.0,AD
TC,335.0,ND
TC,425.0,SD
TC,440.0,AD
TC,305.0,ND
TC,416.0,SD
TC,345.0,AD
TC,484.0,ND
TC,330.0,SD
TC,310.0,AD
TC,285.0,ND
TC,284.0,SD
TC,330.0,AD
TC,244.0,ND
TC,260.0,SD
TC,425.0,AD
TC,320.0,ND
TC,235.0,SD
TC,395.0,AD
TC,436.0,ND
TC,335.0,SD
TC,289.0,AD
TC,361.0,ND
TC,305.0,SD
TC,320.0,AD
TC,265.0,ND
TC,385.0,SD
TC,291.0,AD
TC,416.0,ND
TC,415.0,SD
TC,285.0,AD
TC,366.0,ND
TC,415.0,SD
TC,325.0,AD
TC,276.0,ND
TC,391.0,SD
TC,440.0,AD
TC,410.0,ND
TC,345.0,SD
TC,326.0,AD
LH2,305.0,ND
LH2,330.0,SD
LH2,294.0,AD
LH2,290.0,ND
LH2,245.0,SD
LH2,385.0,AD
LH2,270.0,ND
LH2,381.0,SD
LH2,395.0,AD
LH2,345.0,ND
LH2,315.0,SD
LH2,365.0,AD
LH2,250.0,ND
LH2,301.0,SD
LH2,279.0,AD
LH2,297.0,ND
LH2,465.0,SD
LH2,335.0,AD
LH2,260.0,ND
LH2,320.0,SD
LH2,310.0,AD
LH2,260.0,ND
LH2,300.0,SD
LH2,310.0,AD
LH2,134.0,ND
LH2,321.0,SD
LH2,325.0,AD
LH2,315.0,ND
LH2,367.0,SD
LH2,336.0,AD
LH2,305.0,ND
LH2,356.0,SD
LH2,415.0,AD
LH2,334.0,ND
LH2,381.0,SD
LH2,396.0,AD
LH2,351.0,ND
LH2,355.0,SD
LH2,450.0,AD
LH2,255.0,ND
LH2,366.0,SD
LH2,355.0,AD
LH2,325.0,ND
LH2,306.0,SD
LH2,365.0,AD
LH2,286.0,ND
LH2,340.0,SD
LH2,402.0,AD
LH2,250.0,ND
LH2,424.0,SD
LH2,359.0,AD
LH2,146.0,ND
LH2,345.0,SD
LH2,494.0,AD
LH2,331.0,ND
LH2,469.0,SD
LH2,354.0,AD
LH2,294.0,ND
LH2,355.0,SD
LH2,294.0,AD
LH2,314.0,ND
LH2,345.0,SD
LH2,309.0,AD
LH2,319.0,ND
LH2,300.0,SD
LH2,351.0,AD
LH2,265.0,ND
LH2,334.0,SD
LH2,325.0,AD
LH2,310.0,ND
LH2,330.0,SD
LH2,300.0,AD
LH2,234.0,ND
LH2,345.0,SD
LH2,500.0,AD
LH2,305.0,ND
LH2,376.0,SD
LH2,319.0,AD
LH2,324.0,ND
LH2,405.0,SD
LH2,370.0,AD
LH2,301.0,ND
LH2,355.0,SD
LH2,365.0,AD
LH2,375.0,ND
LH2,245.0,SD
LH2,310.0,AD
LH2,350.0,ND
LH2,381.0,SD
LH2,310.0,AD
LH2,351.0,ND
LH2,301.0,SD
LH2,374.0,AD
LH2,270.0,ND
LH2,320.0,SD
LH2,415.0,AD
LH2,297.0,ND
LH2,316.0,SD
LH2,435.0,AD
LH2,260.0,ND
LH2,367.0,SD
LH2,396.0,AD
LH2,260.0,ND
LH2,356.0,SD
LH2,450.0,AD
LH2,134.0,ND
LH2,356.0,SD
LH2,355.0,AD
SB1,285.0,ND
SB1,399.0,SD
SB1,414.0,AD
SB1,335.0,ND
SB1,375.0,SD
SB1,485.0,AD
SB1,305.0,ND
SB1,316.0,SD
SB1,405.0,AD
SB1,355.0,ND
SB1,360.0,SD
SB1,326.0,AD
SB1,281.0,ND
SB1,359.0,SD
SB1,356.0,AD
SB1,291.0,ND
SB1,370.0,SD
SB1,334.0,AD
SB1,340.0,ND
SB1,361.0,SD
SB1,555.0,AD
SB1,331.0,ND
SB1,424.0,SD
SB1,495.0,AD
SB1,265.0,ND
SB1,351.0,SD
SB1,366.0,AD
SB1,255.0,ND
SB1,330.0,SD
SB1,325.0,AD
SB1,315.0,ND
SB1,420.0,SD
SB1,321.0,AD
SB1,224.0,ND
SB1,345.0,SD
SB1,365.0,AD
SB1,274.0,ND
SB1,325.0,SD
SB1,374.0,AD
SB1,311.0,ND
SB1,341.0,SD
SB1,335.0,AD
SB1,219.0,ND
SB1,350.0,SD
SB1,546.0,AD
SB1,316.0,ND
SB1,364.0,SD
SB1,310.0,AD
SB1,244.0,ND
SB1,321.0,SD
SB1,349.0,AD
SB1,289.0,ND
SB1,355.0,SD
SB1,450.0,AD
SB1,271.0,ND
SB1,345.0,SD
SB1,400.0,AD
SB1,331.0,ND
SB1,371.0,SD
SB1,330.0,AD
SB1,280.0,ND
SB1,425.0,SD
SB1,284.0,AD
SB1,319.0,ND
SB1,399.0,SD
SB1,476.0,AD
SB1,300.0,ND
SB1,381.0,SD
SB1,340.0,AD
SB1,275.0,ND
SB1,360.0,SD
SB1,316.0,AD
SB1,294.0,ND
SB1,344.0,SD
SB1,416.0,AD
SB1,315.0,ND
SB1,386.0,SD
SB1,371.0,AD
SB1,285.0,ND
SB1,361.0,SD
SB1,414.0,AD
SB1,354.0,ND
SB1,375.0,SD
SB1,380.0,AD
SB1,305.0,ND
SB1,359.0,SD
SB1,255.0,AD
SB1,300.0,ND
SB1,370.0,SD
SB1,386.0,AD
SB1,284.0,ND
SB1,424.0,SD
SB1,331.0,AD
SB1,335.0,ND
SB1,350.0,SD
SB1,485.0,AD
SB1,281.0,ND
SB1,355.0,SD
SB1,356.0,AD
SB1,291.0,ND
SB1,366.0,SD
SB1,334.0,AD
SB1,340.0,ND
SB1,320.0,SD
SB1,555.0,AD
SB1,331.0,ND
SB1,345.0,SD
SB1,495.0,AD
SB1,265.0,ND
SB1,325.0,SD
SB1,366.0,AD
SB1,255.0,ND
SB1,350.0,SD
SB1,325.0,AD
IR,225.0,ND
IR,311.0,SD
IR,330.0,AD
IR,286.0,ND
IR,349.0,SD
IR,300.0,AD
IR,289.0,ND
IR,316.0,SD
IR,310.0,AD
IR,285.0,ND
IR,282.0,SD
IR,350.0,AD
IR,260.0,ND
IR,275.0,SD
IR,320.0,AD
IR,351.0,ND
IR,310.0,SD
IR,384.0,AD
IR,294.0,ND
IR,276.0,SD
IR,420.0,AD
IR,255.0,ND
IR,315.0,SD
IR,400.0,AD
IR,246.0,ND
IR,390.0,SD
IR,354.0,AD
IR,331.0,ND
IR,285.0,SD
IR,360.0,AD
IR,227.0,ND
IR,353.0,SD
IR,410.0,AD
IR,205.0,ND
IR,314.0,SD
IR,405.0,AD
IR,280.0,ND
IR,245.0,SD
IR,461.0,AD
IR,205.0,ND
IR,355.0,SD
IR,361.0,AD
IR,340.0,ND
IR,306.0,SD
IR,380.0,AD
IR,295.0,ND
IR,311.0,SD
IR,485.0,AD
IR,310.0,ND
IR,360.0,SD
IR,330.0,AD
IR,310.0,ND
IR,305.0,SD
IR,420.0,AD
IR,239.0,ND
IR,260.0,SD
IR,441.0,AD
IR,305.0,ND
IR,151.0,SD
IR,371.0,AD
IR,286.0,ND
IR,336.0,SD
IR,390.0,AD
IR,201.0,ND
IR,301.0,SD
IR,449.0,AD
IR,350.0,ND
IR,311.0,SD
IR,375.0,AD
IR,290.0,ND
IR,275.0,SD
IR,198.0,AD
IR,236.0,ND
IR,319.0,SD
IR,350.0,AD
IR,325.0,ND
IR,286.0,SD
IR,320.0,AD
IR,320.0,ND
IR,280.0,SD
IR,384.0,AD
IR,335.0,ND
IR,346.0,SD
IR,365.0,AD
IR,301.0,ND
IR,282.0,SD
IR,285.0,AD
IR,231.0,ND
IR,275.0,SD
IR,370.0,AD
EK,306.0,ND
EK,305.0,SD
EK,274.0,AD
EK,230.0,ND
EK,265.0,SD
EK,345.0,AD
EK,226.0,ND
EK,371.0,SD
EK,239.0,AD
EK,246.0,ND
EK,270.0,SD
EK,459.0,AD
EK,430.0,ND
EK,325.0,SD
EK,251.0,AD
EK,246.0,ND
EK,310.0,SD
EK,255.0,AD
EK,290.0,ND
EK,301.0,SD
EK,234.0,AD
EK,235.0,ND
EK,316.0,SD
EK,268.0,AD
EK,211.0,ND
EK,351.0,SD
EK,345.0,AD
EK,281.0,ND
EK,310.0,SD
EK,326.0,AD
EK,225.0,ND
EK,276.0,SD
EK,385.0,AD
EK,300.0,ND
EK,246.0,SD
EK,316.0,AD
EK,239.0,ND
EK,280.0,SD
EK,255.0,AD
EK,271.0,ND
EK,264.0,SD
EK,295.0,AD
EK,219.0,ND
EK,305.0,SD
EK,300.0,AD
EK,275.0,ND
EK,210.0,SD
EK,270.0,AD
EK,235.0,ND
EK,305.0,SD
EK,200.0,AD
EK,230.0,ND
EK,211.0,SD
EK,315.0,AD
EK,270.0,ND
EK,299.0,SD
EK,304.0,AD
EK,310.0,ND
EK,306.0,SD
EK,274.0,AD
EK,300.0,ND
EK,311.0,SD
EK,305.0,AD
EK,280.0,ND
EK,245.0,SD
EK,305.0,AD
EK,299.0,ND
EK,244.0,SD
EK,335.0,AD
EK,240.0,ND
EK,261.0,SD
EK,304.0,AD
EK,266.0,ND
EK,270.0,SD
EK,311.0,AD
EK,265.0,ND
EK,325.0,SD
EK,310.0,AD
EK,235.0,ND
EK,310.0,SD
EK,281.0,AD
EK,246.0,ND
EK,305.0,SD
EK,459.0,AD
EK,306.0,ND
EK,310.0,SD
EK,234.0,AD
EK,230.0,ND
EK,285.0,SD
EK,268.0,AD
EJ,330.0,ND
EJ,580.0,SD
EJ,324.0,AD
EJ,460.0,ND
EJ,381.0,SD
EJ,502.0,AD
EJ,350.0,ND
EJ,505.0,SD
EJ,426.0,AD
EJ,376.0,ND
EJ,540.0,SD
EJ,455.0,AD
EJ,406.0,ND
EJ,621.0,SD
EJ,444.0,AD
EJ,381.0,ND
EJ,545.0,SD
EJ,246.0,AD
EJ,344.0,ND
EJ,450.0,SD
EJ,344.0,AD
EJ,325.0,ND
EJ,539.0,SD
EJ,386.0,AD
EJ,385.0,ND
EJ,501.0,SD
EJ,394.0,AD
EJ,436.0,ND
EJ,429.0,SD
EJ,320.0,AD
EJ,396.0,ND
EJ,527.0,SD
EJ,748.0,AD
EJ,391.0,ND
EJ,455.0,SD
EJ,335.0,AD
EJ,351.0,ND
EJ,421.0,SD
EJ,300.0,AD
EJ,410.0,ND
EJ,420.0,SD
EJ,324.0,AD
EJ,375.0,ND
EJ,389.0,SD
EJ,450.0,AD
EJ,330.0,ND
EJ,500.0,SD
EJ,476.0,AD
EJ,361.0,ND
EJ,399.0,SD
EJ,395.0,AD
EJ,411.0,ND
EJ,550.0,SD
EJ,380.0,AD
EJ,400.0,ND
EJ,384.0,SD
EJ,386.0,AD
EJ,249.0,ND
EJ,390.0,SD
EJ,305.0,AD
EJ,520.0,ND
EJ,391.0,SD
EJ,419.0,AD
EJ,275.0,ND
EJ,379.0,SD
EJ,415.0,AD
EJ,330.0,ND
EJ,429.0,SD
EJ,502.0,AD
EJ,376.0,ND
EJ,436.0,SD
EJ,455.0,AD
EJ,314.0,ND
EJ,505.0,SD
EJ,344.0,AD
EJ,376.0,ND
EJ,540.0,SD
EJ,386.0,AD
EJ,304.0,ND
EJ,621.0,SD
EJ,394.0,AD
EF,336.0,ND
EF,411.0,SD
EF,400.0,AD
EF,280.0,ND
EF,285.0,SD
EF,292.0,AD
EF,289.0,ND
EF,305.0,SD
EF,289.0,AD
EF,341.0,ND
EF,406.0,SD
EF,304.0,AD
EF,305.0,ND
EF,324.0,SD
EF,370.0,AD
EF,329.0,ND
EF,235.0,SD
EF,435.0,AD
EF,367.0,ND
EF,304.0,SD
EF,395.0,AD
EF,430.0,ND
EF,355.0,SD
EF,409.0,AD
EF,350.0,ND
EF,295.0,SD
EF,450.0,AD
EF,290.0,ND
EF,315.0,SD
EF,296.0,AD
EF,360.0,ND
EF,361.0,SD
EF,264.0,AD
EF,289.0,ND
EF,310.0,SD
EF,344.0,AD
EF,307.0,ND
EF,336.0,SD
EF,400.0,AD
EF,285.0,ND
EF,309.0,SD
EF,336.0,AD
EF,231.0,ND
EF,321.0,SD
EF,346.0,AD
EF,331.0,ND
EF,276.0,SD
EF,610.0,AD
EF,270.0,ND
EF,311.0,SD
EF,560.0,AD
EF,366.0,ND
EF,336.0,SD
EF,340.0,AD
EF,280.0,ND
EF,309.0,SD
EF,309.0,AD
EF,300.0,ND
EF,315.0,SD
EF,326.0,AD
EF,257.0,ND
EF,375.0,SD
EF,300.0,AD
EF,326.0,ND
EF,346.0,SD
EF,295.0,AD
EF,384.0,ND
EF,311.0,SD
EF,325.0,AD
EF,260.0,ND
EF,305.0,SD
EF,390.0,AD
EF,336.0,ND
EF,340.0,SD
EF,430.0,AD
EF,286.0,ND
EF,319.0,SD
EF,326.0,AD
EF,266.0,ND
EF,345.0,SD
EF,345.0,AD
EF,281.0,ND
EF,455.0,SD
EF,300.0,AD
EF,271.0,ND
EF,405.0,SD
EF,415.0,AD
EF,324.0,ND
EF,280.0,SD
EF,412.0,AD
EF,280.0,ND
EF,320.0,SD
EF,289.0,AD
EF,341.0,ND
EF,344.0,SD
EF,370.0,AD
EF,367.0,ND
EF,285.0,SD
EF,409.0,AD
EF,430.0,ND
EF,305.0,SD
EF,450.0,AD
EF,350.0,ND
EF,406.0,SD
EF,309.0,AD
EF,296.0,ND
EF,324.0,SD
EF,296.0,AD
EF,290.0,ND
EF,235.0,SD
EF,264.0,AD
EF,295.0,ND
EF,355.0,SD
EF,375.0,AD
EF,239.0,ND
EF,295.0,SD
EF,381.0,AD
EF,295.0,ND
EF,330.0,SD
EF,344.0,AD
EF,307.0,ND
EF,361.0,SD
EF,336.0,AD
EF,285.0,ND
EF,360.0,SD
EF,346.0,AD
EF,270.0,ND
EF,310.0,SD
EF,350.0,AD
AM,256.0,ND
AM,406.0,SD
AM,270.0,AD
AM,256.0,ND
AM,391.0,SD
AM,325.0,AD
AM,271.0,ND
AM,331.0,SD
AM,340.0,AD
AM,280.0,ND
AM,306.0,SD
AM,285.0,AD
AM,306.0,ND
AM,285.0,SD
AM,325.0,AD
AM,255.0,ND
AM,374.0,SD
AM,300.0,AD
AM,291.0,ND
AM,325.0,SD
AM,275.0,AD
AM,220.0,ND
AM,415.0,SD
AM,371.0,AD
AM,286.0,ND
AM,382.0,SD
AM,361.0,AD
AM,280.0,ND
AM,345.0,SD
AM,390.0,AD
AM,275.0,ND
AM,334.0,SD
AM,270.0,AD
AM,310.0,ND
AM,329.0,SD
AM,305.0,AD
AM,261.0,ND
AM,259.0,SD
AM,385.0,AD
AM,260.0,ND
AM,304.0,SD
AM,369.0,AD
AM,219.0,ND
AM,299.0,SD
AM,335.0,AD
AM,389.0,ND
AM,319.0,SD
AM,320.0,AD
AM,300.0,ND
AM,350.0,SD
AM,310.0,AD
AM,271.0,ND
AM,365.0,SD
AM,320.0,AD
AM,279.0,ND
AM,310.0,SD
AM,350.0,AD
AM,339.0,ND
AM,255.0,SD
AM,280.0,AD
AM,310.0,ND
AM,406.0,SD
AM,336.0,AD
AM,376.0,ND
AM,321.0,SD
AM,240.0,AD
AM,281.0,ND
AM,381.0,SD
AM,335.0,AD
AM,286.0,ND
AM,349.0,SD
AM,300.0,AD
AM,309.0,ND
AM,366.0,SD
AM,370.0,AD
AM,265.0,ND
AM,410.0,SD
AM,295.0,AD
AM,345.0,ND
AM,290.0,SD
AM,340.0,AD
AM,296.0,ND
AM,331.0,SD
AM,341.0,AD
AM,236.0,ND
AM,374.0,SD
AM,336.0,AD
AM,256.0,ND
AM,325.0,SD
AM,570.0,AD
AM,250.0,ND
AM,382.0,SD
AM,320.0,AD
AM,306.0,ND
AM,345.0,SD
AM,381.0,AD
AM,261.0,ND
AM,360.0,SD
AM,340.0,AD
AM,264.0,ND
AM,310.0,SD
AM,285.0,AD
AM,219.0,ND
AM,329.0,SD
AM,325.0,AD
AM,244.0,ND
AM,259.0,SD
AM,300.0,AD
AM,265.0,ND
AM,304.0,SD
AM,275.0,AD
AB1_,320.0,ND
AB1_,325.0,SD
AB1_,385.0,AD
AB1_,240.0,ND
AB1_,297.0,SD
AB1_,320.0,AD
AB1_,245.0,ND
AB1_,265.0,SD
AB1_,342.0,AD
AB1_,220.0,ND
AB1_,311.0,SD
AB1_,270.0,AD
AB1_,270.0,ND
AB1_,391.0,SD
AB1_,385.0,AD
AB1_,216.0,ND
AB1_,231.0,SD
AB1_,381.0,AD
AB1_,195.0,ND
AB1_,310.0,SD
AB1_,301.0,AD
AB1_,241.0,ND
AB1_,335.0,SD
AB1_,285.0,AD
AB1_,281.0,ND
AB1_,305.0,SD
AB1_,401.0,AD
AB1_,225.0,ND
AB1_,340.0,SD
AB1_,441.0,AD
AB1_,245.0,ND
AB1_,404.0,SD
AB1_,330.0,AD
AB1_,196.0,ND
AB1_,379.0,SD
AB1_,305.0,AD
AB1_,255.0,ND
AB1_,321.0,SD
AB1_,367.0,AD
AB1_,280.0,ND
AB1_,245.0,SD
AB1_,271.0,AD
AB1_,225.0,ND
AB1_,349.0,SD
AB1_,321.0,AD
AB1_,225.0,ND
AB1_,405.0,SD
AB1_,315.0,AD
AB1_,290.0,ND
AB1_,315.0,SD
AB1_,600.0,AD
AB1_,285.0,ND
AB1_,330.0,SD
AB1_,327.0,AD
AB1_,340.0,ND
AB1_,279.0,SD
AB1_,305.0,AD
AB1_,229.0,ND
AB1_,285.0,SD
AB1_,345.0,AD
AB1_,246.0,ND
AB1_,290.0,SD
AB1_,270.0,AD
AB1_,229.0,ND
AB1_,325.0,SD
AB1_,306.0,AD
AB1_,266.0,ND
AB1_,285.0,SD
AB1_,346.0,AD
AB1_,310.0,ND
AB1_,305.0,SD
AB1_,299.0,AD
AB1_,295.0,ND
AB1_,370.0,SD
AB1_,285.0,AD
AB1_,254.0,ND
AB1_,295.0,SD
AB1_,365.0,AD
AB1_,294.0,ND
AB1_,301.0,SD
AB1_,335.0,AD
AB1_,251.0,ND
AB1_,300.0,SD
AB1_,425.0,AD
AB1_,260.0,ND
AB1_,265.0,SD
AB1_,356.0,AD
AB1_,255.0,ND
AB1_,311.0,SD
AB1_,296.0,AD
AB1_,245.0,ND
AB1_,231.0,SD
AB1_,342.0,AD
AB1_,310.0,ND
AB1_,335.0,SD
AB1_,385.0,AD
AB1_,264.0,ND
AB1_,340.0,SD
AB1_,285.0,AD
AB1_,280.0,ND
AB1_,404.0,SD
AB1_,401.0,AD
AB1_,240.0,ND
AB1_,392.0,SD
AB1_,345.0,AD
AB1_,245.0,ND
AB1_,365.0,SD
AB1_,441.0,AD
AB1_,220.0,ND
AB1_,365.0,SD
AB1_,330.0,AD
AB1_,216.0,ND
AB1_,321.0,SD
AB1_,301.0,AD
AB1_,195.0,ND
AB1_,245.0,SD
AB1_,395.0,AD
AB1_,241.0,ND
AB1_,349.0,SD
AB1_,305.0,AD
RG,256.0,ND
RG,275.0,SD
RG,270.0,AD
RG,276.0,ND
RG,285.0,SD
RG,314.0,AD
RG,230.0,ND
RG,275.0,SD
RG,390.0,AD
RG,295.0,ND
RG,356.0,SD
RG,450.0,AD
RG,275.0,ND
RG,321.0,SD
RG,315.0,AD
RG,280.0,ND
RG,300.0,SD
RG,362.0,AD
RG,269.0,ND
RG,319.0,SD
RG,299.0,AD
RG,306.0,ND
RG,319.0,SD
RG,290.0,AD
RG,295.0,ND
RG,355.0,SD
RG,234.0,AD
RG,280.0,ND
RG,301.0,SD
RG,270.0,AD
RG,246.0,ND
RG,330.0,SD
RG,309.0,AD
RG,216.0,ND
RG,316.0,SD
RG,320.0,AD
RG,250.0,ND
RG,315.0,SD
RG,289.0,AD
RG,285.0,ND
RG,349.0,SD
RG,335.0,AD
RG,261.0,ND
RG,275.0,SD
RG,299.0,AD
RG,260.0,ND
RG,165.0,SD
RG,341.0,AD
RG,300.0,ND
RG,265.0,SD
RG,310.0,AD
RG,276.0,ND
RG,245.0,SD
RG,280.0,AD
RG,255.0,ND
RG,299.0,SD
RG,311.0,AD
RG,275.0,ND
RG,379.0,SD
RG,291.0,AD
RG,321.0,ND
RG,375.0,SD
RG,351.0,AD
RG,305.0,ND
RG,324.0,SD
RG,331.0,AD
RG,287.0,ND
RG,330.0,SD
RG,305.0,AD
RG,301.0,ND
RG,264.0,SD
RG,300.0,AD
RG,255.0,ND
RG,350.0,SD
RG,355.0,AD
RG,321.0,ND
RG,304.0,SD
RG,325.0,AD
RG,249.0,ND
RG,277.0,SD
RG,294.0,AD
RG,330.0,ND
RG,311.0,SD
RG,270.0,AD
RG,250.0,ND
RG,295.0,SD
RG,281.0,AD
RG,246.0,ND
RG,305.0,SD
RG,340.0,AD
RG,270.0,ND
RG,355.0,SD
RG,361.0,AD
RG,305.0,ND
RG,369.0,SD
RG,285.0,AD
RG,295.0,ND
RG,285.0,SD
RG,426.0,AD
RG,275.0,ND
RG,275.0,SD
RG,314.0,AD
RG,280.0,ND
RG,356.0,SD
RG,390.0,AD
RG,269.0,ND
RG,321.0,SD
RG,450.0,AD
RG,306.0,ND
RG,300.0,SD
RG,315.0,AD
RG,236.0,ND
RG,319.0,SD
RG,299.0,AD
RG,280.0,ND
RG,355.0,SD
RG,290.0,AD
RG,246.0,ND
RG,361.0,SD
RG,234.0,AD
RG,255.0,ND
RG,330.0,SD
RG,270.0,AD
RG,285.0,ND
RG,305.0,SD
RG,309.0,AD
RG,285.0,ND
RG,316.0,SD
RG,470.0,AD
RG,261.0,ND
RG,315.0,SD
RG,320.0,AD
RG,300.0,ND
RG,275.0,SD
RG,335.0,AD
RG,295.0,ND
RG,165.0,SD
RG,299.0,AD
RG,276.0,ND
RG,265.0,SD
RG,341.0,AD
AS,300.0,ND
AS,235.0,SD
AS,294.0,AD
AS,256.0,ND
AS,321.0,SD
AS,305.0,AD
AS,290.0,ND
AS,315.0,SD
AS,270.0,AD
AS,260.0,ND
AS,395.0,SD
AS,345.0,AD
AS,265.0,ND
AS,314.0,SD
AS,259.0,AD
AS,255.0,ND
AS,290.0,SD
AS,356.0,AD
AS,270.0,ND
AS,340.0,SD
AS,375.0,AD
AS,235.0,ND
AS,335.0,SD
AS,310.0,AD
AS,256.0,ND
AS,391.0,SD
AS,355.0,AD
AS,320.0,ND
AS,370.0,SD
AS,485.0,AD
AS,280.0,ND
AS,326.0,SD
AS,296.0,AD
AS,344.0,ND
AS,290.0,SD
AS,240.0,AD
AS,295.0,ND
AS,405.0,SD
AS,406.0,AD
AS,291.0,ND
AS,335.0,SD
AS,325.0,AD
AS,245.0,ND
AS,380.0,SD
AS,360.0,AD
AS,295.0,ND
AS,305.0,SD
AS,310.0,AD
AS,260.0,ND
AS,305.0,SD
AS,365.0,AD
AS,305.0,ND
AS,365.0,SD
AS,416.0,AD
AS,296.0,ND
AS,274.0,SD
AS,250.0,AD
AS,295.0,ND
AS,455.0,SD
AS,330.0,AD
AS,320.0,ND
AS,325.0,SD
AS,225.0,AD
AS,255.0,ND
AS,326.0,SD
AS,310.0,AD
AS,290.0,ND
AS,290.0,SD
AS,294.0,AD
AS,260.0,ND
AS,290.0,SD
AS,421.0,AD
AS,375.0,ND
AS,235.0,SD
AS,365.0,AD
AS,240.0,ND
AS,480.0,SD
AS,319.0,AD
AS,301.0,ND
AS,305.0,SD
AS,415.0,AD
AS,220.0,ND
AS,261.0,SD
AS,312.0,AD
AS,345.0,ND
AS,324.0,SD
AS,345.0,AD
AS,300.0,ND
AS,316.0,SD
AS,259.0,AD
AS,285.0,ND
AS,321.0,SD
AS,375.0,AD
AS,275.0,ND
AS,395.0,SD
AS,355.0,AD
AS,250.0,ND
AS,340.0,SD
AS,296.0,AD
AS,265.0,ND
AS,335.0,SD
AS,321.0,AD
AS,330.0,ND
AS,391.0,SD
AS,296.0,AD
AS,255.0,ND
AS,305.0,SD
AS,306.0,AD
AS,235.0,ND
AS,370.0,SD
AS,240.0,AD
AS,290.0,ND
AS,424.0,SD
AS,325.0,AD
AS,260.0,ND
AS,304.0,SD
AS,360.0,AD
EC2,260.0,ND
EC2,330.0,SD
EC2,429.0,AD
EC2,269.0,ND
EC2,310.0,SD
EC2,331.0,AD
EC2,265.0,ND
EC2,316.0,SD
EC2,346.0,AD
EC2,285.0,ND
EC2,311.0,SD
EC2,345.0,AD
EC2,334.0,ND
EC2,310.0,SD
EC2,425.0,AD
EC2,256.0,ND
EC2,280.0,SD
EC2,370.0,AD
EC2,266.0,ND
EC2,309.0,SD
EC2,471.0,AD
EC2,274.0,ND
EC2,326.0,SD
EC2,510.0,AD
EC2,279.0,ND
EC2,306.0,SD
EC2,540.0,AD
EC2,271.0,ND
EC2,310.0,SD
EC2,495.0,AD
EC2,250.0,ND
EC2,265.0,SD
EC2,340.0,AD
EC2,275.0,ND
EC2,335.0,SD
EC2,401.0,AD
EC2,379.0,ND
EC2,299.0,SD
EC2,296.0,AD
EC2,280.0,ND
EC2,395.0,SD
EC2,397.0,AD
EC2,259.0,ND
EC2,315.0,SD
EC2,501.0,AD
EC2,325.0,ND
EC2,350.0,SD
EC2,385.0,AD
EC2,265.0,ND
EC2,324.0,SD
EC2,439.0,AD
EC2,259.0,ND
EC2,335.0,SD
EC2,411.0,AD
EC2,305.0,ND
EC2,275.0,SD
EC2,349.0,AD
EC2,290.0,ND
EC2,340.0,SD
EC2,405.0,AD
EC2,280.0,ND
EC2,285.0,SD
EC2,421.0,AD
EC2,286.0,ND
EC2,305.0,SD
EC2,294.0,AD
EC2,265.0,ND
EC2,335.0,SD
EC2,429.0,AD
EC2,255.0,ND
EC2,310.0,SD
EC2,381.0,AD
EC2,305.0,ND
EC2,310.0,SD
EC2,390.0,AD
EC2,260.0,ND
EC2,335.0,SD
EC2,324.0,AD
EC2,300.0,ND
EC2,325.0,SD
EC2,550.0,AD
EC2,270.0,ND
EC2,275.0,SD
EC2,370.0,AD
EC2,275.0,ND
EC2,265.0,SD
EC2,345.0,AD
EC2,300.0,ND
EC2,261.0,SD
EC2,425.0,AD
EC2,275.0,ND
EC2,405.0,SD
EC2,471.0,AD
EC2,265.0,ND
EC2,396.0,SD
EC2,540.0,AD
EC2,256.0,ND
EC2,311.0,SD
EC2,340.0,AD
EC2,266.0,ND
EC2,310.0,SD
EC2,365.0,AD
EC2,274.0,ND
EC2,280.0,SD
EC2,430.0,AD
EC2,279.0,ND
EC2,309.0,SD
EC2,430.0,AD
EC2,320.0,ND
EC2,326.0,SD
EC2,401.0,AD
EC2,250.0,ND
EC2,260.0,SD
EC2,397.0,AD
EC2,230.0,ND
EC2,310.0,SD
EC2,501.0,AD
EC1,226.0,ND
EC1,320.0,SD
EC1,365.0,AD
EC1,265.0,ND
EC1,375.0,SD
EC1,250.0,AD
EC1,235.0,ND
EC1,335.0,SD
EC1,340.0,AD
EC1,245.0,ND
EC1,281.0,SD
EC1,295.0,AD
EC1,255.0,ND
EC1,325.0,SD
EC1,535.0,AD
EC1,325.0,ND
EC1,360.0,SD
EC1,360.0,AD
EC1,235.0,ND
EC1,341.0,SD
EC1,420.0,AD
EC1,286.0,ND
EC1,350.0,SD
EC1,482.0,AD
EC1,245.0,ND
EC1,315.0,SD
EC1,400.0,AD
EC1,266.0,ND
EC1,336.0,SD
EC1,446.0,AD
EC1,235.0,ND
EC1,320.0,SD
EC1,390.0,AD
EC1,306.0,ND
EC1,300.0,SD
EC1,255.0,AD
EC1,290.0,ND
EC1,345.0,SD
EC1,376.0,AD
EC1,231.0,ND
EC1,425.0,SD
EC1,370.0,AD
EC1,259.0,ND
EC1,316.0,SD
EC1,370.0,AD
EC1,311.0,ND
EC1,390.0,SD
EC1,330.0,AD
EC1,301.0,ND
EC1,375.0,SD
EC1,451.0,AD
EC1,280.0,ND
EC1,400.0,SD
EC1,340.0,AD
EC1,320.0,ND
EC1,299.0,SD
EC1,286.0,AD
EC1,296.0,ND
EC1,281.0,SD
EC1,405.0,AD
EC1,255.0,ND
EC1,359.0,SD
EC1,335.0,AD
EC1,341.0,ND
EC1,341.0,SD
EC1,316.0,AD
EC1,216.0,ND
EC1,320.0,SD
EC1,385.0,AD
EC1,236.0,ND
EC1,371.0,SD
EC1,385.0,AD
EC1,270.0,ND
EC1,360.0,SD
EC1,375.0,AD
EC1,325.0,ND
EC1,315.0,SD
EC1,325.0,AD
EC1,270.0,ND
EC1,405.0,SD
EC1,340.0,AD
EC1,234.0,ND
EC1,349.0,SD
EC1,365.0,AD
EC1,245.0,ND
EC1,281.0,SD
EC1,330.0,AD
EC1,226.0,ND
EC1,325.0,SD
EC1,395.0,AD
EC1,326.0,ND
EC1,341.0,SD
EC1,385.0,AD
EC1,365.0,ND
EC1,315.0,SD
EC1,290.0,AD
EC1,265.0,ND
EC1,320.0,SD
EC1,399.0,AD
EC1,235.0,ND
EC1,276.0,SD
EC1,250.0,AD
EC1,245.0,ND
EC1,335.0,SD
EC1,340.0,AD
EC1,255.0,ND
EC1,361.0,SD
EC1,295.0,AD
EC1,325.0,ND
EC1,300.0,SD
EC1,535.0,AD
EC1,286.0,ND
EC1,425.0,SD
EC1,420.0,AD
EC1,245.0,ND
EC1,316.0,SD
EC1,482.0,AD
GM,284.0,ND
GM,385.0,SD
GM,430.0,AD
GM,415.0,ND
GM,370.0,SD
GM,395.0,AD
GM,300.0,ND
GM,301.0,SD
GM,340.0,AD
GM,351.0,ND
GM,321.0,SD
GM,310.0,AD
GM,350.0,ND
GM,330.0,SD
GM,301.0,AD
GM,411.0,ND
GM,399.0,SD
GM,366.0,AD
GM,296.0,ND
GM,355.0,SD
GM,256.0,AD
GM,345.0,ND
GM,281.0,SD
GM,450.0,AD
GM,361.0,ND
GM,450.0,SD
GM,321.0,AD
GM,397.0,ND
GM,370.0,SD
GM,326.0,AD
GM,289.0,ND
GM,306.0,SD
GM,384.0,AD
GM,396.0,ND
GM,430.0,SD
GM,360.0,AD
GM,315.0,ND
GM,309.0,SD
GM,406.0,AD
GM,256.0,ND
GM,341.0,SD
GM,355.0,AD
GM,330.0,ND
GM,364.0,SD
GM,387.0,AD
GM,295.0,ND
GM,350.0,SD
GM,125.0,AD
GM,300.0,ND
GM,380.0,SD
GM,356.0,AD
GM,268.0,ND
GM,329.0,SD
GM,395.0,AD
GM,274.0,ND
GM,360.0,SD
GM,260.0,AD
GM,270.0,ND
GM,295.0,SD
GM,336.0,AD
GM,340.0,ND
GM,311.0,SD
GM,305.0,AD
GM,309.0,ND
GM,305.0,SD
GM,409.0,AD
GM,310.0,ND
GM,339.0,SD
GM,375.0,AD
GM,315.0,ND
GM,301.0,SD
GM,295.0,AD
GM,361.0,ND
GM,365.0,SD
GM,384.0,AD
GM,310.0,ND
GM,385.0,SD
GM,299.0,AD
GM,300.0,ND
GM,310.0,SD
GM,300.0,AD
GM,294.0,ND
GM,366.0,SD
GM,430.0,AD
GM,290.0,ND
GM,330.0,SD
GM,425.0,AD
GM,294.0,ND
GM,360.0,SD
GM,331.0,AD
GM,280.0,ND
GM,385.0,SD
GM,264.0,AD
GM,285.0,ND
GM,301.0,SD
GM,611.0,AD
GM,351.0,ND
GM,399.0,SD
GM,379.0,AD
GM,350.0,ND
GM,355.0,SD
GM,395.0,AD
GM,411.0,ND
GM,281.0,SD
GM,340.0,AD
GM,296.0,ND
GM,450.0,SD
GM,310.0,AD
GM,345.0,ND
GM,360.0,SD
GM,301.0,AD
GM,300.0,ND
GM,306.0,SD
GM,256.0,AD
GM,397.0,ND
GM,301.0,SD
GM,450.0,AD
GM,289.0,ND
GM,280.0,SD
GM,321.0,AD
GM,321.0,ND
GM,430.0,SD
GM,326.0,AD
GM,301.0,ND
GM,309.0,SD
GM,384.0,AD
GM,256.0,ND
GM,350.0,SD
GM,290.0,AD
GM,330.0,ND
GM,380.0,SD
GM,360.0,AD
GM,300.0,ND
GM,329.0,SD
GM,355.0,AD
CP,315.0,ND
CP,350.0,SD
CP,411.0,AD
CP,260.0,ND
CP,366.0,SD
CP,805.0,AD
CP,505.0,ND
CP,360.0,SD
CP,489.0,AD
CP,351.0,ND
CP,450.0,SD
CP,280.0,AD
CP,200.0,ND
CP,380.0,SD
CP,454.0,AD
CP,290.0,ND
CP,385.0,SD
CP,410.0,AD
CP,451.0,ND
CP,506.0,SD
CP,736.0,AD
CP,191.0,ND
CP,256.0,SD
CP,391.0,AD
CP,335.0,ND
CP,316.0,SD
CP,340.0,AD
CP,364.0,ND
CP,339.0,SD
CP,290.0,AD
CP,271.0,ND
CP,385.0,SD
CP,411.0,AD
CP,525.0,ND
CP,286.0,SD
CP,760.0,AD
CP,340.0,ND
CP,344.0,SD
CP,441.0,AD
CP,286.0,ND
CP,350.0,SD
CP,416.0,AD
CP,606.0,ND
CP,376.0,SD
CP,436.0,AD
CP,509.0,ND
CP,385.0,SD
CP,330.0,AD
CP,191.0,ND
CP,374.0,SD
CP,465.0,AD
CP,415.0,ND
CP,421.0,SD
CP,541.0,AD
CP,426.0,ND
CP,355.0,SD
CP,805.0,AD
CP,284.0,ND
CP,400.0,SD
CP,454.0,AD
CP,304.0,ND
CP,358.0,SD
CP,410.0,AD
RD,386.0,ND
RD,411.0,SD
RD,364.0,AD
RD,359.0,ND
RD,353.0,SD
RD,342.0,AD
RD,331.0,ND
RD,316.0,SD
RD,330.0,AD
RD,317.0,ND
RD,396.0,SD
RD,315.0,AD
RD,311.0,ND
RD,360.0,SD
RD,195.0,AD
RD,279.0,ND
RD,261.0,SD
RD,315.0,AD
RD,241.0,ND
RD,306.0,SD
RD,456.0,AD
RD,350.0,ND
RD,345.0,SD
RD,340.0,AD
RD,444.0,ND
RD,349.0,SD
RD,460.0,AD
RD,351.0,ND
RD,315.0,SD
RD,295.0,AD
RD,331.0,ND
RD,350.0,SD
RD,371.0,AD
RD,285.0,ND
RD,266.0,SD
RD,355.0,AD
RD,346.0,ND
RD,272.0,SD
RD,319.0,AD
RD,314.0,ND
RD,440.0,SD
RD,406.0,AD
RD,310.0,ND
RD,315.0,SD
RD,290.0,AD
RD,250.0,ND
RD,366.0,SD
RD,175.0,AD
RD,295.0,ND
RD,292.0,SD
RD,420.0,AD
RD,290.0,ND
RD,386.0,SD
RD,365.0,AD
RD,366.0,ND
RD,426.0,SD
RD,354.0,AD
RD,265.0,ND
RD,306.0,SD
RD,345.0,AD
RD,294.0,ND
RD,405.0,SD
RD,431.0,AD
RD,371.0,ND
RD,381.0,SD
RD,410.0,AD
RD,260.0,ND
RD,270.0,SD
RD,415.0,AD
RD,269.0,ND
RD,339.0,SD
RD,399.0,AD
RD,285.0,ND
RD,395.0,SD
RD,441.0,AD
RD,300.0,ND
RD,411.0,SD
RD,420.0,AD
RD,316.0,ND
RD,380.0,SD
RD,316.0,AD
RD,386.0,ND
RD,401.0,SD
RD,616.0,AD
RD,316.0,ND
RD,436.0,SD
RD,307.0,AD
RD,421.0,ND
RD,375.0,SD
RD,345.0,AD
RD,270.0,ND
RD,304.0,SD
RD,346.0,AD
RD,294.0,ND
RD,316.0,SD
RD,265.0,AD
RD,290.0,ND
RD,261.0,SD
RD,315.0,AD
RD,359.0,ND
RD,306.0,SD
RD,195.0,AD
RD,331.0,ND
RD,345.0,SD
RD,315.0,AD
RD,317.0,ND
RD,349.0,SD
RD,456.0,AD
RD,311.0,ND
RD,366.0,SD
RD,340.0,AD
RD,241.0,ND
RD,350.0,SD
RD,422.0,AD
RD,350.0,ND
RD,329.0,SD
RD,295.0,AD
RD,444.0,ND
RD,310.0,SD
RD,371.0,AD
RD,351.0,ND
RD,266.0,SD
RD,296.0,AD
RD,331.0,ND
RD,272.0,SD
RD,305.0,AD
RD,256.0,ND
RD,366.0,SD
RD,406.0,AD
RD,285.0,ND
RD,292.0,SD
RD,290.0,AD
RD,314.0,ND
RD,386.0,SD
RD,420.0,AD
KC,365.0,ND
KC,325.0,SD
KC,370.0,AD
KC,359.0,ND
KC,256.0,SD
KC,439.0,AD
KC,309.0,ND
KC,286.0,SD
KC,329.0,AD
KC,270.0,ND
KC,315.0,SD
KC,345.0,AD
KC,280.0,ND
KC,335.0,SD
KC,301.0,AD
KC,346.0,ND
KC,309.0,SD
KC,345.0,AD
KC,295.0,ND
KC,315.0,SD
KC,294.0,AD
KC,300.0,ND
KC,300.0,SD
KC,350.0,AD
KC,349.0,ND
KC,312.0,SD
KC,310.0,AD
KC,261.0,ND
KC,360.0,SD
KC,336.0,AD
KC,289.0,ND
KC,326.0,SD
KC,264.0,AD
KC,315.0,ND
KC,285.0,SD
KC,345.0,AD
KC,305.0,ND
KC,340.0,SD
KC,291.0,AD
KC,335.0,ND
KC,386.0,SD
KC,340.0,AD
KC,295.0,ND
KC,276.0,SD
KC,380.0,AD
KC,290.0,ND
KC,321.0,SD
KC,335.0,AD
KC,295.0,ND
KC,436.0,SD
KC,385.0,AD
KC,270.0,ND
KC,310.0,SD
KC,300.0,AD
KC,309.0,ND
KC,355.0,SD
KC,325.0,AD
KC,314.0,ND
KC,320.0,SD
KC,342.0,AD
KC,310.0,ND
KC,281.0,SD
KC,300.0,AD
KC,450.0,ND
KC,239.0,SD
KC,340.0,AD
KC,335.0,ND
KC,335.0,SD
KC,295.0,AD
KC,315.0,ND
KC,365.0,SD
KC,370.0,AD
KC,305.0,ND
KC,395.0,SD
KC,380.0,AD
KC,320.0,ND
KC,376.0,SD
KC,360.0,AD
KC,331.0,ND
KC,319.0,SD
KC,471.0,AD
KC,284.0,ND
KC,325.0,SD
KC,370.0,AD
KC,365.0,ND
KC,336.0,SD
KC,360.0,AD
KC,335.0,ND
KC,310.0,SD
KC,325.0,AD
KC,346.0,ND
KC,395.0,SD
KC,274.0,AD
KC,326.0,ND
KC,340.0,SD
KC,129.0,AD
KC,319.0,ND
KC,215.0,SD
KC,360.0,AD
KC,291.0,ND
KC,256.0,SD
KC,439.0,AD
KC,336.0,ND
KC,286.0,SD
KC,329.0,AD
KC,295.0,ND
KC,315.0,SD
KC,345.0,AD
KC,359.0,ND
KC,335.0,SD
KC,301.0,AD
KC,270.0,ND
KC,315.0,SD
KC,294.0,AD
KC,280.0,ND
KC,300.0,SD
KC,350.0,AD
KC,346.0,ND
KC,312.0,SD
KC,310.0,AD
KC,300.0,ND
KC,360.0,SD
KC,336.0,AD
KC,349.0,ND
KC,326.0,SD
KC,264.0,AD
KC,289.0,ND
KC,290.0,SD
KC,305.0,AD
KC,331.0,ND
KC,285.0,SD
KC,345.0,AD
KC,369.0,ND
KC,386.0,SD
KC,340.0,AD
KC,315.0,ND
KC,276.0,SD
KC,380.0,AD
KC,305.0,ND
KC,321.0,SD
KC,335.0,AD
KC,335.0,ND
KC,436.0,SD
KC,385.0,AD
KC,295.0,ND
KC,330.0,SD
KC,339.0,AD
KC,290.0,ND
KC,310.0,SD
KC,300.0,AD
SY,275.0,ND
SY,374.0,SD
SY,400.0,AD
SY,295.0,ND
SY,320.0,SD
SY,321.0,AD
SY,270.0,ND
SY,310.0,SD
SY,434.0,AD
SY,249.0,ND
SY,351.0,SD
SY,295.0,AD
SY,271.0,ND
SY,350.0,SD
SY,269.0,AD
SY,380.0,ND
SY,230.0,SD
SY,316.0,AD
SY,316.0,ND
SY,321.0,SD
SY,285.0,AD
SY,295.0,ND
SY,310.0,SD
SY,400.0,AD
SY,365.0,ND
SY,321.0,SD
SY,306.0,AD
SY,280.0,ND
SY,386.0,SD
SY,306.0,AD
SY,265.0,ND
SY,270.0,SD
SY,305.0,AD
SY,300.0,ND
SY,326.0,SD
SY,375.0,AD
SY,284.0,ND
SY,357.0,SD
SY,270.0,AD
SY,270.0,ND
SY,344.0,SD
SY,385.0,AD
SY,351.0,ND
SY,285.0,SD
SY,389.0,AD
SY,315.0,ND
SY,341.0,SD
SY,355.0,AD
SY,266.0,ND
SY,339.0,SD
SY,335.0,AD
SY,264.0,ND
SY,265.0,SD
SY,315.0,AD
SY,311.0,ND
SY,350.0,SD
SY,350.0,AD
SY,315.0,ND
SY,340.0,SD
SY,575.0,AD
SY,230.0,ND
SY,391.0,SD
SY,355.0,AD
SY,261.0,ND
SY,361.0,SD
SY,240.0,AD
SY,290.0,ND
SY,316.0,SD
SY,429.0,AD
SY,274.0,ND
SY,345.0,SD
SY,360.0,AD
SY,255.0,ND
SY,374.0,SD
SY,295.0,AD
SY,261.0,ND
SY,326.0,SD
SY,405.0,AD
SY,295.0,ND
SY,349.0,SD
SY,340.0,AD
SY,301.0,ND
SY,386.0,SD
SY,349.0,AD
SY,269.0,ND
SY,362.0,SD
SY,305.0,AD
SY,304.0,ND
SY,310.0,SD
SY,290.0,AD
SY,241.0,ND
SY,320.0,SD
SY,290.0,AD
SY,255.0,ND
SY,351.0,SD
SY,375.0,AD
SY,256.0,ND
SY,321.0,SD
SY,321.0,AD
SY,280.0,ND
SY,310.0,SD
SY,434.0,AD
SY,275.0,ND
SY,321.0,SD
SY,295.0,AD
SY,295.0,ND
SY,295.0,SD
SY,269.0,AD
SY,330.0,ND
SY,386.0,SD
SY,316.0,AD
SY,245.0,ND
SY,284.0,SD
SY,400.0,AD
SY,291.0,ND
SY,285.0,SD
SY,306.0,AD
SY,261.0,ND
SY,330.0,SD
SY,294.0,AD
SY,314.0,ND
SY,357.0,SD
SY,305.0,AD
SY,260.0,ND
SY,344.0,SD
SY,285.0,AD
SY,295.0,ND
SY,339.0,SD
SY,375.0,AD
SY,270.0,ND
SY,355.0,SD
SY,270.0,AD
CM,376.0,ND
CM,310.0,SD
CM,300.0,AD
CM,330.0,ND
CM,334.0,SD
CM,416.0,AD
CM,295.0,ND
CM,330.0,SD
CM,471.0,AD
CM,260.0,ND
CM,446.0,SD
CM,424.0,AD
CM,315.0,ND
CM,341.0,SD
CM,410.0,AD
CM,226.0,ND
CM,351.0,SD
CM,456.0,AD
CM,315.0,ND
CM,396.0,SD
CM,355.0,AD
CM,340.0,ND
CM,311.0,SD
CM,556.0,AD
CM,315.0,ND
CM,366.0,SD
CM,426.0,AD
CM,275.0,ND
CM,406.0,SD
CM,356.0,AD
CM,305.0,ND
CM,465.0,SD
CM,396.0,AD
CM,275.0,ND
CM,445.0,SD
CM,305.0,AD
CM,259.0,ND
CM,310.0,SD
CM,104.0,AD
CM,329.0,ND
CM,290.0,SD
CM,339.0,AD
CM,309.0,ND
CM,285.0,SD
CM,109.0,AD
CM,321.0,ND
CM,341.0,SD
CM,265.0,AD
CM,396.0,ND
CM,380.0,SD
CM,300.0,AD
CM,291.0,ND
CM,320.0,SD
CM,381.0,AD
CM,281.0,ND
CM,300.0,SD
CM,405.0,AD
CM,360.0,ND
CM,370.0,SD
CM,745.0,AD
CM,326.0,ND
CM,360.0,SD
CM,371.0,AD
CM,329.0,ND
CM,334.0,SD
CM,401.0,AD
CM,309.0,ND
CM,330.0,SD
CM,326.0,AD
CM,311.0,ND
CM,341.0,SD
CM,414.0,AD
CM,234.0,ND
CM,311.0,SD
CM,424.0,AD
CM,284.0,ND
CM,366.0,SD
CM,410.0,AD
MC,370.0,ND
MC,315.0,SD
MC,399.0,AD
MC,280.0,ND
MC,430.0,SD
MC,401.0,AD
MC,379.0,ND
MC,291.0,SD
MC,245.0,AD
MC,271.0,ND
MC,306.0,SD
MC,471.0,AD
MC,311.0,ND
MC,441.0,SD
MC,450.0,AD
MC,315.0,ND
MC,390.0,SD
MC,321.0,AD
MC,320.0,ND
MC,360.0,SD
MC,630.0,AD
MC,295.0,ND
MC,350.0,SD
MC,410.0,AD
MC,306.0,ND
MC,365.0,SD
MC,370.0,AD
MC,294.0,ND
MC,349.0,SD
MC,510.0,AD
MC,261.0,ND
MC,366.0,SD
MC,339.0,AD
MC,240.0,ND
MC,390.0,SD
MC,434.0,AD
MC,255.0,ND
MC,401.0,SD
MC,346.0,AD
MC,291.0,ND
MC,375.0,SD
MC,295.0,AD
MC,451.0,ND
MC,376.0,SD
MC,426.0,AD
MC,256.0,ND
MC,330.0,SD
MC,465.0,AD
MC,260.0,ND
MC,454.0,SD
MC,445.0,AD
MC,265.0,ND
MC,370.0,SD
MC,334.0,AD
MC,321.0,ND
MC,385.0,SD
MC,234.0,AD
MC,350.0,ND
MC,370.0,SD
MC,370.0,AD
MC,255.0,ND
MC,275.0,SD
MC,331.0,AD
MC,240.0,ND
MC,440.0,SD
MC,456.0,AD
MC,296.0,ND
MC,370.0,SD
MC,191.0,AD
MC,290.0,ND
MC,285.0,SD
MC,336.0,AD
MC,311.0,ND
MC,337.0,SD
MC,335.0,AD
MC,280.0,ND
MC,410.0,SD
MC,297.0,AD
MC,280.0,ND
MC,255.0,SD
MC,336.0,AD
MC,260.0,ND
MC,441.0,SD
MC,434.0,AD
MC,315.0,ND
MC,350.0,SD
MC,255.0,AD
MC,370.0,ND
MC,365.0,SD
MC,310.0,AD
MC,331.0,ND
MC,349.0,SD
MC,360.0,AD
MC,269.0,ND
MC,314.0,SD
MC,375.0,AD
MC,235.0,ND
MC,390.0,SD
MC,245.0,AD
MC,290.0,ND
MC,401.0,SD
MC,471.0,AD
MC,305.0,ND
MC,375.0,SD
MC,450.0,AD
SS,264.0,ND
SS,351.0,SD
SS,479.0,AD
SS,280.0,ND
SS,379.0,SD
SS,352.0,AD
SS,265.0,ND
SS,390.0,SD
SS,360.0,AD
SS,423.0,ND
SS,290.0,SD
SS,310.0,AD
SS,324.0,ND
SS,305.0,SD
SS,385.0,AD
SS,354.0,ND
SS,404.0,SD
SS,355.0,AD
SS,340.0,ND
SS,360.0,SD
SS,391.0,AD
SS,270.0,ND
SS,350.0,SD
SS,620.0,AD
SS,284.0,ND
SS,350.0,SD
SS,280.0,AD
SS,280.0,ND
SS,342.0,SD
SS,659.0,AD
SS,295.0,ND
SS,376.0,SD
SS,479.0,AD
SS,239.0,ND
SS,350.0,SD
SS,361.0,AD
SS,255.0,ND
SS,340.0,SD
SS,126.0,AD
SS,289.0,ND
SS,380.0,SD
SS,585.0,AD
SS,315.0,ND
SS,370.0,SD
SS,335.0,AD
SS,285.0,ND
SS,414.0,SD
SS,294.0,AD
SS,274.0,ND
SS,351.0,SD
SS,315.0,AD
SS,325.0,ND
SS,355.0,SD
SS,356.0,AD
SS,349.0,ND
SS,320.0,SD
SS,352.0,AD
SS,284.0,ND
SS,346.0,SD
SS,385.0,AD
SS,361.0,ND
SS,390.0,SD
SS,355.0,AD
PO,250.0,ND
PO,324.0,SD
PO,265.0,AD
PO,311.0,ND
PO,350.0,SD
PO,296.0,AD
PO,279.0,ND
PO,380.0,SD
PO,300.0,AD
PO,351.0,ND
PO,319.0,SD
PO,380.0,AD
PO,315.0,ND
PO,335.0,SD
PO,291.0,AD
PO,325.0,ND
PO,304.0,SD
PO,354.0,AD
PO,312.0,ND
PO,342.0,SD
PO,325.0,AD
PO,286.0,ND
PO,310.0,SD
PO,321.0,AD
PO,295.0,ND
PO,256.0,SD
PO,270.0,AD
PO,275.0,ND
PO,301.0,SD
PO,290.0,AD
PO,346.0,ND
PO,305.0,SD
PO,336.0,AD
PO,341.0,ND
PO,325.0,SD
PO,286.0,AD
PO,265.0,ND
PO,310.0,SD
PO,240.0,AD
PO,295.0,ND
PO,316.0,SD
PO,305.0,AD
PO,261.0,ND
PO,355.0,SD
PO,320.0,AD
PO,349.0,ND
PO,236.0,SD
PO,334.0,AD
PO,299.0,ND
PO,401.0,SD
PO,260.0,AD
PO,325.0,ND
PO,316.0,SD
PO,316.0,AD
PO,295.0,ND
PO,381.0,SD
PO,336.0,AD
PO,335.0,ND
PO,324.0,SD
PO,335.0,AD
PO,306.0,ND
PO,341.0,SD
PO,245.0,AD
PO,276.0,ND
PO,310.0,SD
PO,355.0,AD
PO,266.0,ND
PO,361.0,SD
PO,315.0,AD
PO,240.0,ND
PO,335.0,SD
PO,330.0,AD
PO,319.0,ND
PO,326.0,SD
PO,339.0,AD
PO,296.0,ND
PO,409.0,SD
PO,254.0,AD
PO,321.0,ND
PO,314.0,SD
PO,316.0,AD
PO,315.0,ND
PO,319.0,SD
PO,376.0,AD
PO,286.0,ND
PO,342.0,SD
PO,290.0,AD
PO,295.0,ND
PO,310.0,SD
PO,290.0,AD
PO,275.0,ND
PO,296.0,SD
PO,289.0,AD
PO,321.0,ND
PO,305.0,SD
PO,306.0,AD
PO,341.0,ND
PO,320.0,SD
PO,300.0,AD
PO,265.0,ND
PO,325.0,SD
PO,380.0,AD
PO,295.0,ND
PO,310.0,SD
PO,291.0,AD
AL_,290.0,ND
AL_,239.0,SD
AL_,230.0,AD
AL_,300.0,ND
AL_,290.0,SD
AL_,266.0,AD
AL_,209.0,ND
AL_,295.0,SD
AL_,289.0,AD
AL_,275.0,ND
AL_,365.0,SD
AL_,276.0,AD
AL_,280.0,ND
AL_,295.0,SD
AL_,296.0,AD
AL_,221.0,ND
AL_,279.0,SD
AL_,271.0,AD
AL_,250.0,ND
AL_,304.0,SD
AL_,312.0,AD
AL_,304.0,ND
AL_,330.0,SD
AL_,250.0,AD
AL_,280.0,ND
AL_,320.0,SD
AL_,230.0,AD
AL_,244.0,ND
AL_,300.0,SD
AL_,275.0,AD
AL_,310.0,ND
AL_,300.0,SD
AL_,466.0,AD
AL_,280.0,ND
AL_,276.0,SD
AL_,230.0,AD
AL_,330.0,ND
AL_,300.0,SD
AL_,314.0,AD
AL_,245.0,ND
AL_,336.0,SD
AL_,269.0,AD
AL_,261.0,ND
AL_,325.0,SD
AL_,295.0,AD
AL_,280.0,ND
AL_,316.0,SD
AL_,264.0,AD
AL_,266.0,ND
AL_,455.0,SD
AL_,281.0,AD
AL_,285.0,ND
AL_,290.0,SD
AL_,320.0,AD
AL_,224.0,ND
AL_,335.0,SD
AL_,365.0,AD
AL_,260.0,ND
AL_,271.0,SD
AL_,271.0,AD
AL_,150.0,ND
AL_,290.0,SD
AL_,266.0,AD
AL_,262.0,ND
AL_,275.0,SD
AL_,289.0,AD
AL_,285.0,ND
AL_,265.0,SD
AL_,276.0,AD
AL_,280.0,ND
AL_,294.0,SD
AL_,271.0,AD
AL_,220.0,ND
AL_,330.0,SD
AL_,230.0,AD
EW2_,295.0,ND
EW2_,376.0,SD
EW2_,345.0,AD
EW2_,420.0,ND
EW2_,404.0,SD
EW2_,295.0,AD
EW2_,275.0,ND
EW2_,331.0,SD
EW2_,335.0,AD
EW2_,350.0,ND
EW2_,330.0,SD
EW2_,285.0,AD
EW2_,275.0,ND
EW2_,309.0,SD
EW2_,520.0,AD
EW2_,280.0,ND
EW2_,392.0,SD
EW2_,349.0,AD
EW2_,264.0,ND
EW2_,365.0,SD
EW2_,470.0,AD
EW2_,346.0,ND
EW2_,369.0,SD
EW2_,270.0,AD
EW2_,360.0,ND
EW2_,390.0,SD
EW2_,361.0,AD
EW2_,250.0,ND
EW2_,324.0,SD
EW2_,295.0,AD
EW2_,365.0,ND
EW2_,395.0,SD
EW2_,325.0,AD
EW2_,334.0,ND
EW2_,401.0,SD
EW2_,339.0,AD
EW2_,345.0,ND
EW2_,310.0,SD
EW2_,350.0,AD
EW2_,306.0,ND
EW2_,294.0,SD
EW2_,416.0,AD
EW2_,325.0,ND
EW2_,291.0,SD
EW2_,295.0,AD
EW2_,300.0,ND
EW2_,320.0,SD
EW2_,546.0,AD
EW2_,260.0,ND
EW2_,265.0,SD
EW2_,180.0,AD
EW2_,410.0,ND
EW2_,459.0,SD
EW2_,345.0,AD
EW2_,249.0,ND
EW2_,349.0,SD
EW2_,270.0,AD
EW2_,246.0,ND
EW2_,324.0,SD
EW2_,406.0,AD
EW2_,341.0,ND
EW2_,335.0,SD
EW2_,420.0,AD
EW2_,270.0,ND
EW2_,425.0,SD
EW2_,510.0,AD
EW2_,341.0,ND
EW2_,299.0,SD
EW2_,360.0,AD
EW2_,289.0,ND
EW2_,311.0,SD
EW2_,375.0,AD
EW2_,295.0,ND
EW2_,335.0,SD
EW2_,295.0,AD
EW2_,270.0,ND
EW2_,340.0,SD
EW2_,335.0,AD
EW2_,245.0,ND
EW2_,404.0,SD
EW2_,285.0,AD
EW2_,250.0,ND
EW2_,392.0,SD
EW2_,270.0,AD
EW2_,270.0,ND
EW2_,390.0,SD
EW2_,295.0,AD
EW2_,316.0,ND
EW2_,371.0,SD
EW2_,325.0,AD
EW2_,420.0,ND
EW2_,395.0,SD
EW2_,334.0,AD
EW2_,350.0,ND
EW2_,380.0,SD
EW2_,339.0,AD
AW3_,320.0,ND
AW3_,445.0,SD
AW3_,416.0,AD
AW3_,315.0,ND
AW3_,435.0,SD
AW3_,335.0,AD
AW3_,335.0,ND
AW3_,335.0,SD
AW3_,390.0,AD
AW3_,321.0,ND
AW3_,479.0,SD
AW3_,415.0,AD
AW3_,341.0,ND
AW3_,402.0,SD
AW3_,375.0,AD
AW3_,370.0,ND
AW3_,345.0,SD
AW3_,369.0,AD
AW3_,300.0,ND
AW3_,341.0,SD
AW3_,391.0,AD
AW3_,316.0,ND
AW3_,415.0,SD
AW3_,375.0,AD
AW3_,336.0,ND
AW3_,301.0,SD
AW3_,320.0,AD
AW3_,345.0,ND
AW3_,325.0,SD
AW3_,450.0,AD
AW3_,340.0,ND
AW3_,355.0,SD
AW3_,295.0,AD
AW3_,299.0,ND
AW3_,360.0,SD
AW3_,350.0,AD
AW3_,335.0,ND
AW3_,334.0,SD
AW3_,340.0,AD
AW3_,370.0,ND
AW3_,311.0,SD
AW3_,310.0,AD
AW3_,305.0,ND
AW3_,347.0,SD
AW3_,354.0,AD
AW3_,350.0,ND
AW3_,325.0,SD
AW3_,339.0,AD
AW3_,350.0,ND
AW3_,370.0,SD
AW3_,380.0,AD
AW3_,289.0,ND
AW3_,380.0,SD
AW3_,370.0,AD
AW3_,315.0,ND
AW3_,434.0,SD
AW3_,376.0,AD
AW3_,295.0,ND
AW3_,510.0,SD
AW3_,290.0,AD
AW3_,255.0,ND
AW3_,425.0,SD
AW3_,410.0,AD
AW3_,307.0,ND
AW3_,385.0,SD
AW3_,300.0,AD
AW3_,450.0,ND
AW3_,401.0,SD
AW3_,314.0,AD
AW3_,310.0,ND
AW3_,435.0,SD
AW3_,305.0,AD
AW3_,320.0,ND
AW3_,395.0,SD
AW3_,416.0,AD
AW3_,320.0,ND
AW3_,380.0,SD
AW3_,379.0,AD
AW3_,315.0,ND
AW3_,335.0,SD
AW3_,460.0,AD
AW3_,295.0,ND
AW3_,370.0,SD
AW3_,345.0,AD
AW3_,374.0,ND
AW3_,411.0,SD
AW3_,325.0,AD
AW3_,304.0,ND
AW3_,435.0,SD
AW3_,410.0,AD
AW3_,361.0,ND
AW3_,479.0,SD
AW3_,335.0,AD
AW3_,335.0,ND
AW3_,345.0,SD
AW3_,415.0,AD
AW3_,370.0,ND
AW3_,301.0,SD
AW3_,391.0,AD
AW3_,300.0,ND
AW3_,371.0,SD
AW3_,375.0,AD
AW3_,316.0,ND
AW3_,325.0,SD
AW3_,320.0,AD
AW3_,336.0,ND
AW3_,355.0,SD
AW3_,400.0,AD
AW3_,335.0,ND
AW3_,510.0,SD
AW3_,450.0,AD
AW3_,340.0,ND
AW3_,484.0,SD
AW3_,320.0,AD
AW3_,285.0,ND
AW3_,360.0,SD
AW3_,339.0,AD
AW3_,316.0,ND
AW3_,334.0,SD
AW3_,311.0,AD
AW3_,299.0,ND
AW3_,347.0,SD
AW3_,340.0,AD
AW3_,335.0,ND
AW3_,325.0,SD
AW3_,310.0,AD
EM2,301.0,ND
EM2,345.0,SD
EM2,320.0,AD
EM2,254.0,ND
EM2,312.0,SD
EM2,355.0,AD
EM2,299.0,ND
EM2,361.0,SD
EM2,235.0,AD
EM2,316.0,ND
EM2,360.0,SD
EM2,349.0,AD
EM2,285.0,ND
EM2,365.0,SD
EM2,234.0,AD
EM2,466.0,ND
EM2,285.0,SD
EM2,326.0,AD
EM2,285.0,ND
EM2,330.0,SD
EM2,385.0,AD
EM2,265.0,ND
EM2,271.0,SD
EM2,290.0,AD
EM2,296.0,ND
EM2,369.0,SD
EM2,479.0,AD
EM2,325.0,ND
EM2,395.0,SD
EM2,315.0,AD
EM2,234.0,ND
EM2,321.0,SD
EM2,295.0,AD
EM2,316.0,ND
EM2,446.0,SD
EM2,379.0,AD
EM2,354.0,ND
EM2,301.0,SD
EM2,346.0,AD
EM2,266.0,ND
EM2,341.0,SD
EM2,311.0,AD
EM2,325.0,ND
EM2,300.0,SD
EM2,315.0,AD
EM2,290.0,ND
EM2,290.0,SD
EM2,285.0,AD
EM2,230.0,ND
EM2,309.0,SD
EM2,331.0,AD
EM2,271.0,ND
EM2,329.0,SD
EM2,351.0,AD
EM2,326.0,ND
EM2,411.0,SD
EM2,301.0,AD
EM2,231.0,ND
EM2,256.0,SD
EM2,325.0,AD
EM2,345.0,ND
EM2,340.0,SD
EM2,315.0,AD
EM2,265.0,ND
EM2,356.0,SD
EM2,400.0,AD
EM2,210.0,ND
EM2,320.0,SD
EM2,281.0,AD
EM2,310.0,ND
EM2,334.0,SD
EM2,320.0,AD
EM2,281.0,ND
EM2,329.0,SD
EM2,395.0,AD
EM2,350.0,ND
EM2,345.0,SD
EM2,314.0,AD
EM2,275.0,ND
EM2,340.0,SD
EM2,355.0,AD
EM2,255.0,ND
EM2,335.0,SD
EM2,286.0,AD
EM2,315.0,ND
EM2,336.0,SD
EM2,355.0,AD
EM2,320.0,ND
EM2,344.0,SD
EM2,235.0,AD
EM2,271.0,ND
EM2,274.0,SD
EM2,234.0,AD
EM2,300.0,ND
EM2,361.0,SD
EM2,385.0,AD
EM2,254.0,ND
EM2,285.0,SD
EM2,276.0,AD
EM2,299.0,ND
EM2,330.0,SD
EM2,315.0,AD
EM2,316.0,ND
EM2,271.0,SD
EM2,295.0,AD
EM2,285.0,ND
EM2,369.0,SD
EM2,395.0,AD
EM2,466.0,ND
EM2,381.0,SD
EM2,235.0,AD
EM2,265.0,ND
EM2,321.0,SD
EM2,379.0,AD
EM2,296.0,ND
EM2,350.0,SD
EM2,346.0,AD
EM2,336.0,ND
EM2,296.0,SD
EM2,311.0,AD
EM2,234.0,ND
EM2,446.0,SD
EM2,285.0,AD
AW1_,354.0,ND
AW1_,297.0,SD
AW1_,334.0,AD
AW1_,285.0,ND
AW1_,224.0,SD
AW1_,290.0,AD
AW1_,235.0,ND
AW1_,330.0,SD
AW1_,285.0,AD
AW1_,294.0,ND
AW1_,305.0,SD
AW1_,490.0,AD
AW1_,251.0,ND
AW1_,321.0,SD
AW1_,335.0,AD
AW1_,259.0,ND
AW1_,340.0,SD
AW1_,330.0,AD
AW1_,225.0,ND
AW1_,236.0,SD
AW1_,365.0,AD
AW1_,304.0,ND
AW1_,346.0,SD
AW1_,316.0,AD
AW1_,240.0,ND
AW1_,251.0,SD
AW1_,341.0,AD
AW1_,260.0,ND
AW1_,286.0,SD
AW1_,340.0,AD
AW1_,265.0,ND
AW1_,285.0,SD
AW1_,386.0,AD
AW1_,235.0,ND
AW1_,353.0,SD
AW1_,320.0,AD
AW1_,195.0,ND
AW1_,329.0,SD
AW1_,381.0,AD
AW1_,265.0,ND
AW1_,309.0,SD
AW1_,354.0,AD
AW1_,239.0,ND
AW1_,490.0,SD
AW1_,256.0,AD
AW1_,194.0,ND
AW1_,350.0,SD
AW1_,334.0,AD
AW1_,245.0,ND
AW1_,305.0,SD
AW1_,256.0,AD
AW1_,250.0,ND
AW1_,365.0,SD
AW1_,261.0,AD
AW1_,220.0,ND
AW1_,284.0,SD
AW1_,335.0,AD
AW1_,180.0,ND
AW1_,306.0,SD
AW1_,245.0,AD
AW1_,215.0,ND
AW1_,365.0,SD
AW1_,406.0,AD
AW1_,276.0,ND
AW1_,311.0,SD
AW1_,364.0,AD
AW1_,215.0,ND
AW1_,300.0,SD
AW1_,289.0,AD
AW1_,277.0,ND
AW1_,297.0,SD
AW1_,290.0,AD
AW1_,256.0,ND
AW1_,219.0,SD
AW1_,335.0,AD
AW1_,270.0,ND
AW1_,275.0,SD
AW1_,330.0,AD
AW1_,200.0,ND
AW1_,262.0,SD
AW1_,365.0,AD
AW1_,235.0,ND
AW1_,355.0,SD
AW1_,340.0,AD
AW1_,200.0,ND
AW1_,224.0,SD
AW1_,371.0,AD
SF,336.0,ND
SF,335.0,SD
SF,294.0,AD
SF,255.0,ND
SF,290.0,SD
SF,440.0,AD
SF,329.0,ND
SF,394.0,SD
SF,290.0,AD
SF,294.0,ND
SF,259.0,SD
SF,285.0,AD
SF,270.0,ND
SF,295.0,SD
SF,360.0,AD
SF,385.0,ND
SF,341.0,SD
SF,315.0,AD
SF,340.0,ND
SF,339.0,SD
SF,210.0,AD
SF,270.0,ND
SF,390.0,SD
SF,235.0,AD
SF,314.0,ND
SF,360.0,SD
SF,320.0,AD
SF,274.0,ND
SF,311.0,SD
SF,205.0,AD
SF,291.0,ND
SF,335.0,SD
SF,355.0,AD
SF,322.0,ND
SF,320.0,SD
SF,380.0,AD
SF,310.0,ND
SF,375.0,SD
SF,560.0,AD
SF,326.0,ND
SF,301.0,SD
SF,289.0,AD
SF,435.0,ND
SF,335.0,SD
SF,465.0,AD
SF,324.0,ND
SF,380.0,SD
SF,345.0,AD
SF,341.0,ND
SF,390.0,SD
SF,160.0,AD
SF,291.0,ND
SF,270.0,SD
SF,320.0,AD
SF,291.0,ND
SF,344.0,SD
SF,310.0,AD
SF,305.0,ND
SF,420.0,SD
SF,310.0,AD
SF,375.0,ND
SF,239.0,SD
SF,184.0,AD
SF,325.0,ND
SF,441.0,SD
SF,260.0,AD
SF,360.0,ND
SF,430.0,SD
SF,410.0,AD
SF,350.0,ND
SF,394.0,SD
SF,250.0,AD
SF,390.0,ND
SF,341.0,SD
SF,290.0,AD
SF,300.0,ND
SF,339.0,SD
SF,285.0,AD
SF,336.0,ND
SF,390.0,SD
SF,360.0,AD
SF,300.0,ND
SF,335.0,SD
SF,320.0,AD
GB,270.0,ND
GB,285.0,SD
GB,306.0,AD
GB,250.0,ND
GB,380.0,SD
GB,320.0,AD
GB,285.0,ND
GB,276.0,SD
GB,340.0,AD
GB,220.0,ND
GB,491.0,SD
GB,355.0,AD
GB,271.0,ND
GB,385.0,SD
GB,281.0,AD
GB,269.0,ND
GB,365.0,SD
GB,335.0,AD
GB,250.0,ND
GB,354.0,SD
GB,634.0,AD
GB,250.0,ND
GB,282.0,SD
GB,435.0,AD
GB,290.0,ND
GB,336.0,SD
GB,302.0,AD
GB,330.0,ND
GB,386.0,SD
GB,346.0,AD
GB,281.0,ND
GB,434.0,SD
GB,321.0,AD
GB,290.0,ND
GB,346.0,SD
GB,484.0,AD
GB,260.0,ND
GB,325.0,SD
GB,320.0,AD
GB,400.0,ND
GB,285.0,SD
GB,401.0,AD
GB,286.0,ND
GB,410.0,SD
GB,449.0,AD
GB,285.0,ND
GB,341.0,SD
GB,425.0,AD
GB,260.0,ND
GB,285.0,SD
GB,350.0,AD
GB,265.0,ND
GB,320.0,SD
GB,542.0,AD
GB,275.0,ND
GB,314.0,SD
GB,354.0,AD
GB,320.0,ND
GB,409.0,SD
GB,320.0,AD
GB,254.0,ND
GB,416.0,SD
GB,284.0,AD
GB,266.0,ND
GB,360.0,SD
GB,306.0,AD
GB,275.0,ND
GB,324.0,SD
GB,324.0,AD
GB,270.0,ND
GB,350.0,SD
GB,287.0,AD
GB,355.0,ND
GB,491.0,SD
GB,356.0,AD
GB,285.0,ND
GB,385.0,SD
GB,392.0,AD
GB,300.0,ND
GB,365.0,SD
GB,485.0,AD
GB,280.0,ND
GB,314.0,SD
GB,320.0,AD
GB,225.0,ND
GB,390.0,SD
GB,281.0,AD
GB,254.0,ND
GB,340.0,SD
GB,335.0,AD
